team_id,uid,location,name,abbreviation,displayName,shortDisplayName,logo
2509,s:40~l:41~t:2509,Purdue,Purdue Boilermakers,PUR,Purdue Boilermakers,Boilermakers,https://a.espncdn.com/i/teamlogos/ncaa/500/2509.png
339,s:40~l:41~t:339,Evansville,Evansville Purple Aces,EVAN,Evansville Purple Aces,Purple Aces,https://a.espncdn.com/i/teamlogos/ncaa/500/339.png
150,s:40~l:41~t:150,Duke,Duke Blue Devils,DUKE,Duke Blue Devils,Blue Devils,https://a.espncdn.com/i/teamlogos/ncaa/500/150.png
251,s:40~l:41~t:251,Texas,Texas Longhorns,TEX,Texas Longhorns,Longhorns,https://a.espncdn.com/i/teamlogos/ncaa/500/251.png
96,s:40~l:41~t:96,Kentucky,Kentucky Wildcats,UK,Kentucky Wildcats,Wildcats,https://a.espncdn.com/i/teamlogos/ncaa/500/96.png
2447,s:40~l:41~t:2447,Nicholls,Nicholls Colonels,NICH,Nicholls Colonels,Colonels,https://a.espncdn.com/i/teamlogos/ncaa/500/2447.png
2641,s:40~l:41~t:2641,Texas Tech,Texas Tech Red Raiders,TTU,Texas Tech Red Raiders,Red Raiders,https://a.espncdn.com/i/teamlogos/ncaa/500/2641.png
2815,s:40~l:41~t:2815,Lindenwood,Lindenwood Lions,LIN,Lindenwood Lions,Lions,https://a.espncdn.com/i/teamlogos/ncaa/500/2815.png
2378,s:40~l:41~t:2378,UMBC,UMBC Retrievers,UMBC,UMBC Retrievers,Retrievers,https://a.espncdn.com/i/teamlogos/ncaa/500/2378.png
112706,s:40~l:41~t:112706,Penn State-York,Penn State-York Nittany Lions,PSUY,Penn State-York Nittany Lions,Nittany Lions,https://a.espncdn.com/combiner/i?img=/i/teamlogos/default-team-logo-500.png&h=244&w=244
2565,s:40~l:41~t:2565,SIU Edwardsville,SIU Edwardsville Cougars,SIUE,SIU Edwardsville Cougars,Cougars,https://a.espncdn.com/i/teamlogos/ncaa/500/2565.png
3107,s:40~l:41~t:3107,East-West University,East-West University Phantoms,EAWE,East-West University Phantoms,Phantoms,https://a.espncdn.com/combiner/i?img=/i/teamlogos/default-team-logo-500.png&h=244&w=244
2579,s:40~l:41~t:2579,South Carolina,South Carolina Gamecocks,SC,South Carolina Gamecocks,Gamecocks,https://a.espncdn.com/i/teamlogos/ncaa/500/2579.png
2448,s:40~l:41~t:2448,North Carolina A&T,North Carolina A&T Aggies,NCAT,North Carolina A&T Aggies,Aggies,https://a.espncdn.com/i/teamlogos/ncaa/500/2448.png
52,s:40~l:41~t:52,Florida State,Florida State Seminoles,FSU,Florida State Seminoles,Seminoles,https://a.espncdn.com/i/teamlogos/ncaa/500/52.png
2016,s:40~l:41~t:2016,Alcorn State,Alcorn State Braves,ALCN,Alcorn State Braves,Braves,https://a.espncdn.com/i/teamlogos/ncaa/500/2016.png
2193,s:40~l:41~t:2193,East Tennessee State,East Tennessee State Buccaneers,ETSU,East Tennessee State Buccaneers,Buccaneers,https://a.espncdn.com/i/teamlogos/ncaa/500/2193.png
124947,s:40~l:41~t:124947,Converse University,Converse University Valkyries,CVU,Converse University Valkyries,Valkyries,https://a.espncdn.com/combiner/i?img=/i/teamlogos/default-team-logo-500.png&h=244&w=244
2405,s:40~l:41~t:2405,Monmouth,Monmouth Hawks,MONM,Monmouth Hawks,Hawks,https://a.espncdn.com/i/teamlogos/ncaa/500/2405.png
2857,s:40~l:41~t:2857,Caldwell,Caldwell Cougars,CALDW,Caldwell Cougars,Cougars,https://a.espncdn.com/i/teamlogos/ncaa/500/2857.png
2363,s:40~l:41~t:2363,Manhattan,Manhattan Jaspers,MAN,Manhattan Jaspers,Jaspers,https://a.espncdn.com/i/teamlogos/ncaa/500/2363.png
2990,s:40~l:41~t:2990,St. Joseph's (NY),St. Joseph's (NY) Bears,SJBK,St. Joseph's (NY) Bears,Bears,https://a.espncdn.com/combiner/i?img=/i/teamlogos/default-team-logo-500.png&h=244&w=244
2529,s:40~l:41~t:2529,Sacred Heart,Sacred Heart Pioneers,SHU,Sacred Heart Pioneers,Pioneers,https://a.espncdn.com/i/teamlogos/ncaa/500/2529.png
2383,s:40~l:41~t:2383,Merchant Marine Academy,Merchant Marine Academy Mariners,MERCHMAR,Merchant Marine Academy Mariners,Mariners,https://a.espncdn.com/i/teamlogos/ncaa/500/2383.png
2230,s:40~l:41~t:2230,Fordham,Fordham Rams,FOR,Fordham Rams,Rams,https://a.espncdn.com/i/teamlogos/ncaa/500/2230.png
2885,s:40~l:41~t:2885,NJIT,NJIT Highlanders,NJIT,NJIT Highlanders,Highlanders,https://a.espncdn.com/i/teamlogos/ncaa/500/2885.png
151,s:40~l:41~t:151,East Carolina,East Carolina Pirates,ECU,East Carolina Pirates,Pirates,https://a.espncdn.com/i/teamlogos/ncaa/500/151.png
290,s:40~l:41~t:290,Georgia Southern,Georgia Southern Eagles,GASO,Georgia Southern Eagles,Eagles,https://a.espncdn.com/i/teamlogos/ncaa/500/290.png
277,s:40~l:41~t:277,West Virginia,West Virginia Mountaineers,WVU,West Virginia Mountaineers,Mountaineers,https://a.espncdn.com/i/teamlogos/ncaa/500/277.png
116,s:40~l:41~t:116,Mount St. Mary's,Mount St. Mary's Mountaineers,MSM,Mount St. Mary's Mountaineers,Mountaineers,https://a.espncdn.com/i/teamlogos/ncaa/500/116.png
2724,s:40~l:41~t:2724,Wichita State,Wichita State Shockers,WICH,Wichita State Shockers,Shockers,https://a.espncdn.com/i/teamlogos/ncaa/500/2724.png
2427,s:40~l:41~t:2427,UNC Asheville,UNC Asheville Bulldogs,UNCA,UNC Asheville Bulldogs,Bulldogs,https://a.espncdn.com/i/teamlogos/ncaa/500/2427.png
3084,s:40~l:41~t:3084,Utah Valley,Utah Valley Wolverines,UVU,Utah Valley Wolverines,Wolverines,https://a.espncdn.com/i/teamlogos/ncaa/500/3084.png
110418,s:40~l:41~t:110418,West Coast Baptist,West Coast Baptist Eagles,WCBC,West Coast Baptist Eagles,Eagles,https://a.espncdn.com/combiner/i?img=/i/teamlogos/default-team-logo-500.png&h=244&w=244
242,s:40~l:41~t:242,Rice,Rice Owls,RICE,Rice Owls,Owls,https://a.espncdn.com/i/teamlogos/ncaa/500/242.png
128256,s:40~l:41~t:128256,College Of Biblical Studies,College Of Biblical Studies Ambassadors,CBS,College Of Biblical Studies Ambassadors,Ambassadors,https://a.espncdn.com/combiner/i?img=/i/teamlogos/default-team-logo-500.png&h=244&w=244
2031,s:40~l:41~t:2031,Little Rock,Little Rock Trojans,LR,Little Rock Trojans,Trojans,https://a.espncdn.com/i/teamlogos/ncaa/500/2031.png
2027,s:40~l:41~t:2027,Arkansas Baptist,Arkansas Baptist Buffaloes,ARBA,Arkansas Baptist Buffaloes,Buffaloes,https://a.espncdn.com/combiner/i?img=/i/teamlogos/default-team-logo-500.png&h=244&w=244
2623,s:40~l:41~t:2623,Missouri State,Missouri State Bears,MOST,Missouri State Bears,Bears,https://a.espncdn.com/i/teamlogos/ncaa/500/2623.png
2403,s:40~l:41~t:2403,Missouri Southern State,Missouri Southern State Lions,MOSSTC,Missouri Southern State Lions,Lions,https://a.espncdn.com/i/teamlogos/ncaa/500/2403.png
2674,s:40~l:41~t:2674,Valparaiso,Valparaiso Beacons,VAL,Valparaiso Beacons,Beacons,https://a.espncdn.com/i/teamlogos/ncaa/500/2674.png
2197,s:40~l:41~t:2197,Eastern Illinois,Eastern Illinois Panthers,EIU,Eastern Illinois Panthers,Panthers,https://a.espncdn.com/i/teamlogos/ncaa/500/2197.png
2306,s:40~l:41~t:2306,Kansas State,Kansas State Wildcats,KSU,Kansas State Wildcats,Wildcats,https://a.espncdn.com/i/teamlogos/ncaa/500/2306.png
2430,s:40~l:41~t:2430,UNC Greensboro,UNC Greensboro Spartans,UNCG,UNC Greensboro Spartans,Spartans,https://a.espncdn.com/i/teamlogos/ncaa/500/2430.png
197,s:40~l:41~t:197,Oklahoma State,Oklahoma State Cowboys,OKST,Oklahoma State Cowboys,Cowboys,https://a.espncdn.com/i/teamlogos/ncaa/500/197.png
198,s:40~l:41~t:198,Oral Roberts,Oral Roberts Golden Eagles,ORU,Oral Roberts Golden Eagles,Golden Eagles,https://a.espncdn.com/i/teamlogos/ncaa/500/198.png
2294,s:40~l:41~t:2294,Iowa,Iowa Hawkeyes,IOWA,Iowa Hawkeyes,Hawkeyes,https://a.espncdn.com/i/teamlogos/ncaa/500/2294.png
2523,s:40~l:41~t:2523,Robert Morris,Robert Morris Colonials,RMU,Robert Morris Colonials,Colonials,https://a.espncdn.com/i/teamlogos/ncaa/500/2523.png
166,s:40~l:41~t:166,New Mexico State,New Mexico State Aggies,NMSU,New Mexico State Aggies,Aggies,https://a.espncdn.com/i/teamlogos/ncaa/500/166.png
2001,s:40~l:41~t:2001,Adams State,Adams State Grizzlies,ADST,Adams State Grizzlies,Grizzlies,https://a.espncdn.com/i/teamlogos/ncaa/500/2001.png
2540,s:40~l:41~t:2540,UC Santa Barbara,UC Santa Barbara Gauchos,UCSB,UC Santa Barbara Gauchos,Gauchos,https://a.espncdn.com/i/teamlogos/ncaa/500/2540.png
22,s:40~l:41~t:22,San Francisco State,San Francisco State Gators,SFST,San Francisco State Gators,Gators,https://a.espncdn.com/combiner/i?img=/i/teamlogos/default-team-logo-500.png&h=244&w=244
301,s:40~l:41~t:301,San Diego,San Diego Toreros,USD,San Diego Toreros,Toreros,https://a.espncdn.com/i/teamlogos/ncaa/500/301.png
2475,s:40~l:41~t:2475,Occidental,Occidental Tigers,OXY,Occidental Tigers,Tigers,https://a.espncdn.com/combiner/i?img=/i/teamlogos/default-team-logo-500.png&h=244&w=244
9,s:40~l:41~t:9,Arizona State,Arizona State Sun Devils,ASU,Arizona State Sun Devils,Sun Devils,https://a.espncdn.com/i/teamlogos/ncaa/500/9.png
253,s:40~l:41~t:253,Southern Utah,Southern Utah Thunderbirds,SUU,Southern Utah Thunderbirds,Thunderbirds,https://a.espncdn.com/i/teamlogos/ncaa/500/253.png
16,s:40~l:41~t:16,Sacramento State,Sacramento State Hornets,SAC,Sacramento State Hornets,Hornets,https://a.espncdn.com/i/teamlogos/ncaa/500/16.png
2957,s:40~l:41~t:2957,Dominican (CA),Dominican (CA) Penguins,DOM,Dominican (CA) Penguins,Penguins,https://a.espncdn.com/combiner/i?img=/i/teamlogos/default-team-logo-500.png&h=244&w=244
2440,s:40~l:41~t:2440,Nevada,Nevada Wolf Pack,NEV,Nevada Wolf Pack,Wolf Pack,https://a.espncdn.com/i/teamlogos/ncaa/500/2440.png
2348,s:40~l:41~t:2348,Louisiana Tech,Louisiana Tech Bulldogs,LT,Louisiana Tech Bulldogs,Bulldogs,https://a.espncdn.com/i/teamlogos/ncaa/500/2348.png
2541,s:40~l:41~t:2541,Santa Clara,Santa Clara Broncos,SCU,Santa Clara Broncos,Broncos,https://a.espncdn.com/i/teamlogos/ncaa/500/2541.png
6183,s:40~l:41~t:6183,Humboldt State,Humboldt State Lumberjacks,CAPH,Humboldt State Lumberjacks,Lumberjacks,https://a.espncdn.com/combiner/i?img=/i/teamlogos/default-team-logo-500.png&h=244&w=244
304,s:40~l:41~t:304,Idaho State,Idaho State Bengals,IDST,Idaho State Bengals,Bengals,https://a.espncdn.com/i/teamlogos/ncaa/500/304.png
123350,s:40~l:41~t:123350,Park University Gilbert,Park University Gilbert Buccaneers,PUGB,Park University Gilbert Buccaneers,Buccaneers,https://a.espncdn.com/combiner/i?img=/i/teamlogos/default-team-logo-500.png&h=244&w=244
21,s:40~l:41~t:21,San Diego State,San Diego State Aztecs,SDSU,San Diego State Aztecs,Aztecs,https://a.espncdn.com/i/teamlogos/ncaa/500/21.png
299,s:40~l:41~t:299,Long Beach State,Long Beach State Beach,LBSU,Long Beach State Beach,Beach,https://a.espncdn.com/i/teamlogos/ncaa/500/299.png
2439,s:40~l:41~t:2439,UNLV,UNLV Rebels,UNLV,UNLV Rebels,Rebels,https://a.espncdn.com/i/teamlogos/ncaa/500/2439.png
2630,s:40~l:41~t:2630,UT Martin,UT Martin Skyhawks,UTM,UT Martin Skyhawks,Skyhawks,https://a.espncdn.com/i/teamlogos/ncaa/500/2630.png
24,s:40~l:41~t:24,Stanford,Stanford Cardinal,STAN,Stanford Cardinal,Cardinal,https://a.espncdn.com/i/teamlogos/ncaa/500/24.png
2502,s:40~l:41~t:2502,Portland State,Portland State Vikings,PRST,Portland State Vikings,Vikings,https://a.espncdn.com/i/teamlogos/ncaa/500/2502.png
2483,s:40~l:41~t:2483,Oregon,Oregon Ducks,ORE,Oregon Ducks,Ducks,https://a.espncdn.com/i/teamlogos/ncaa/500/2483.png
62,s:40~l:41~t:62,Hawai'i,Hawai'i Rainbow Warriors,HAW,Hawai'i Rainbow Warriors,Rainbow Warriors,https://a.espncdn.com/i/teamlogos/ncaa/500/62.png
156,s:40~l:41~t:156,Creighton,Creighton Bluejays,CREI,Creighton Bluejays,Bluejays,https://a.espncdn.com/i/teamlogos/ncaa/500/156.png
233,s:40~l:41~t:233,South Dakota,South Dakota Coyotes,SDAK,South Dakota Coyotes,Coyotes,https://a.espncdn.com/i/teamlogos/ncaa/500/233.png
2393,s:40~l:41~t:2393,Middle Tennessee,Middle Tennessee Blue Raiders,MTSU,Middle Tennessee Blue Raiders,Blue Raiders,https://a.espncdn.com/i/teamlogos/ncaa/500/2393.png
2397,s:40~l:41~t:2397,Milligan,Milligan Buffaloes,MILLI,Milligan Buffaloes,Buffaloes,https://a.espncdn.com/combiner/i?img=/i/teamlogos/default-team-logo-500.png&h=244&w=244
2506,s:40~l:41~t:2506,Presbyterian,Presbyterian Blue Hose,PRES,Presbyterian Blue Hose,Blue Hose,https://a.espncdn.com/i/teamlogos/ncaa/500/2506.png
495,s:40~l:41~t:495,Bluefield University,Bluefield University Ramblin' Rams,BLU,Bluefield University Ramblin' Rams,Ramblin' Rams,https://a.espncdn.com/combiner/i?img=/i/teamlogos/default-team-logo-500.png&h=244&w=244
2066,s:40~l:41~t:2066,Binghamton,Binghamton Bearcats,BING,Binghamton Bearcats,Bearcats,https://a.espncdn.com/i/teamlogos/ncaa/500/2066.png
178,s:40~l:41~t:178,RIT,RIT Tigers,RIT,RIT Tigers,Tigers,https://a.espncdn.com/i/teamlogos/ncaa/500/178.png
164,s:40~l:41~t:164,Rutgers,Rutgers Scarlet Knights,RUTG,Rutgers Scarlet Knights,Scarlet Knights,https://a.espncdn.com/i/teamlogos/ncaa/500/164.png
2520,s:40~l:41~t:2520,Rider,Rider Broncs,RID,Rider Broncs,Broncs,https://a.espncdn.com/i/teamlogos/ncaa/500/2520.png
2026,s:40~l:41~t:2026,App State,App State Mountaineers,APP,App State Mountaineers,Mountaineers,https://a.espncdn.com/i/teamlogos/ncaa/500/2026.png
108942,s:40~l:41~t:108942,Carolina University,Carolina University Bruins,CU,Carolina University Bruins,Bruins,https://a.espncdn.com/combiner/i?img=/i/teamlogos/default-team-logo-500.png&h=244&w=244
2325,s:40~l:41~t:2325,La Salle,La Salle Explorers,LAS,La Salle Explorers,Explorers,https://a.espncdn.com/i/teamlogos/ncaa/500/2325.png
2154,s:40~l:41~t:2154,Coppin State,Coppin State Eagles,COPP,Coppin State Eagles,Eagles,https://a.espncdn.com/i/teamlogos/ncaa/500/2154.png
2636,s:40~l:41~t:2636,UTSA,UTSA Roadrunners,UTSA,UTSA Roadrunners,Roadrunners,https://a.espncdn.com/i/teamlogos/ncaa/500/2636.png
2400,s:40~l:41~t:2400,Mississippi Valley State,Mississippi Valley State Delta Devils,MVSU,Mississippi Valley State Delta Devils,Delta Devils,https://a.espncdn.com/i/teamlogos/ncaa/500/2400.png
126826,s:40~l:41~t:126826,Mississippi University For Women,Mississippi University For Women Owls,MUW,Mississippi University For Women Owls,Owls,https://a.espncdn.com/combiner/i?img=/i/teamlogos/default-team-logo-500.png&h=244&w=244
256,s:40~l:41~t:256,James Madison,James Madison Dukes,JMU,James Madison Dukes,Dukes,https://a.espncdn.com/i/teamlogos/ncaa/500/256.png
2688,s:40~l:41~t:2688,Washington and Lee,Washington and Lee Generals,UWL,Washington and Lee Generals,Generals,https://a.espncdn.com/i/teamlogos/ncaa/500/2688.png
322,s:40~l:41~t:322,Lafayette,Lafayette Leopards,LAF,Lafayette Leopards,Leopards,https://a.espncdn.com/i/teamlogos/ncaa/500/322.png
2175,s:40~l:41~t:2175,Dickinson (PA),Dickinson (PA) Red Devils,DIC,Dickinson (PA) Red Devils,Red Devils,https://a.espncdn.com/i/teamlogos/ncaa/500/2175.png
2450,s:40~l:41~t:2450,Norfolk State,Norfolk State Spartans,NORF,Norfolk State Spartans,Spartans,https://a.espncdn.com/i/teamlogos/ncaa/500/2450.png
111926,s:40~l:41~t:111926,Regent,Regent Royals,RGNT,Regent Royals,Royals,https://a.espncdn.com/combiner/i?img=/i/teamlogos/default-team-logo-500.png&h=244&w=244
2210,s:40~l:41~t:2210,Elon,Elon Phoenix,ELON,Elon Phoenix,Phoenix,https://a.espncdn.com/i/teamlogos/ncaa/500/2210.png
2058,s:40~l:41~t:2058,Belmont Abbey,Belmont Abbey Crusaders,BELMONTAB,Belmont Abbey Crusaders,Crusaders,https://a.espncdn.com/i/teamlogos/ncaa/500/2058.png
2504,s:40~l:41~t:2504,Prairie View A&M,Prairie View A&M Panthers,PV,Prairie View A&M Panthers,Panthers,https://a.espncdn.com/i/teamlogos/ncaa/500/2504.png
2163,s:40~l:41~t:2163,Dallas,Dallas Crusaders,DALL,Dallas Crusaders,Crusaders,https://a.espncdn.com/combiner/i?img=/i/teamlogos/default-team-logo-500.png&h=244&w=244
218,s:40~l:41~t:218,Temple,Temple Owls,TEM,Temple Owls,Owls,https://a.espncdn.com/i/teamlogos/ncaa/500/218.png
2169,s:40~l:41~t:2169,Delaware State,Delaware State Hornets,DSU,Delaware State Hornets,Hornets,https://a.espncdn.com/i/teamlogos/ncaa/500/2169.png
261,s:40~l:41~t:261,Vermont,Vermont Catamounts,UVM,Vermont Catamounts,Catamounts,https://a.espncdn.com/i/teamlogos/ncaa/500/261.png
177,s:40~l:41~t:177,Plattsburgh St,Plattsburgh St Cardinals,PLAT,Plattsburgh St Cardinals,Cardinals,https://a.espncdn.com/combiner/i?img=/i/teamlogos/default-team-logo-500.png&h=244&w=244
2382,s:40~l:41~t:2382,Mercer,Mercer Bears,MER,Mercer Bears,Bears,https://a.espncdn.com/i/teamlogos/ncaa/500/2382.png
548,s:40~l:41~t:548,LaGrange,LaGrange Panthers,LGC,LaGrange Panthers,Panthers,https://a.espncdn.com/i/teamlogos/ncaa/500/548.png
2511,s:40~l:41~t:2511,Queens University,Queens University Royals,QUC,Queens University Royals,Royals,https://a.espncdn.com/i/teamlogos/ncaa/500/2511.png
2355,s:40~l:41~t:2355,Lynchburg,Lynchburg Hornets,LYNCHBURG,Lynchburg Hornets,Hornets,https://a.espncdn.com/combiner/i?img=/i/teamlogos/default-team-logo-500.png&h=244&w=244
61,s:40~l:41~t:61,Georgia,Georgia Bulldogs,UGA,Georgia Bulldogs,Bulldogs,https://a.espncdn.com/i/teamlogos/ncaa/500/61.png
2379,s:40~l:41~t:2379,Maryland Eastern Shore,Maryland Eastern Shore Hawks,UMES,Maryland Eastern Shore Hawks,Hawks,https://a.espncdn.com/i/teamlogos/ncaa/500/2379.png
2086,s:40~l:41~t:2086,Butler,Butler Bulldogs,BUT,Butler Bulldogs,Bulldogs,https://a.espncdn.com/i/teamlogos/ncaa/500/2086.png
88,s:40~l:41~t:88,Southern Indiana,Southern Indiana Screaming Eagles,USI,Southern Indiana Screaming Eagles,Screaming Eagles,https://a.espncdn.com/i/teamlogos/ncaa/500/88.png
257,s:40~l:41~t:257,Richmond,Richmond Spiders,RICH,Richmond Spiders,Spiders,https://a.espncdn.com/i/teamlogos/ncaa/500/257.png
2896,s:40~l:41~t:2896,Southern Virginia,Southern Virginia Knights,SVA,Southern Virginia Knights,Knights,https://a.espncdn.com/i/teamlogos/ncaa/500/2896.png
326,s:40~l:41~t:326,Texas State,Texas State Bobcats,TXST,Texas State Bobcats,Bobcats,https://a.espncdn.com/i/teamlogos/ncaa/500/326.png
130174,s:40~l:41~t:130174,Texas A&M-San Antonio,Texas A&M-San Antonio Jaguars,TEX,Texas A&M-San Antonio Jaguars,Jaguars,https://a.espncdn.com/combiner/i?img=/i/teamlogos/default-team-logo-500.png&h=244&w=244
84,s:40~l:41~t:84,Indiana,Indiana Hoosiers,IU,Indiana Hoosiers,Hoosiers,https://a.espncdn.com/i/teamlogos/ncaa/500/84.png
2010,s:40~l:41~t:2010,Alabama A&M,Alabama A&M Bulldogs,AAMU,Alabama A&M Bulldogs,Bulldogs,https://a.espncdn.com/i/teamlogos/ncaa/500/2010.png
99,s:40~l:41~t:99,LSU,LSU Tigers,LSU,LSU Tigers,Tigers,https://a.espncdn.com/i/teamlogos/ncaa/500/99.png
2627,s:40~l:41~t:2627,Tarleton State,Tarleton State Texans,TAR,Tarleton State Texans,Texans,https://a.espncdn.com/i/teamlogos/ncaa/500/2627.png
269,s:40~l:41~t:269,Marquette,Marquette Golden Eagles,MARQ,Marquette Golden Eagles,Golden Eagles,https://a.espncdn.com/i/teamlogos/ncaa/500/269.png
2582,s:40~l:41~t:2582,Southern,Southern Jaguars,SOU,Southern Jaguars,Jaguars,https://a.espncdn.com/i/teamlogos/ncaa/500/2582.png
167,s:40~l:41~t:167,New Mexico,New Mexico Lobos,UNM,New Mexico Lobos,Lobos,https://a.espncdn.com/i/teamlogos/ncaa/500/167.png
2837,s:40~l:41~t:2837,East Texas A&M,East Texas A&M Lions,ETAM,East Texas A&M Lions,Lions,https://a.espncdn.com/i/teamlogos/ncaa/500/2837.png
149,s:40~l:41~t:149,Montana,Montana Grizzlies,MONT,Montana Grizzlies,Grizzlies,https://a.espncdn.com/i/teamlogos/ncaa/500/149.png
111254,s:40~l:41~t:111254,Ottawa (AZ),Ottawa (AZ) Spirit,OUAZ,Ottawa (AZ) Spirit,Spirit,https://a.espncdn.com/combiner/i?img=/i/teamlogos/default-team-logo-500.png&h=244&w=244
278,s:40~l:41~t:278,Fresno State,Fresno State Bulldogs,FRES,Fresno State Bulldogs,Bulldogs,https://a.espncdn.com/i/teamlogos/ncaa/500/278.png
2908,s:40~l:41~t:2908,South Carolina Upstate,South Carolina Upstate Spartans,UPST,South Carolina Upstate Spartans,Spartans,https://a.espncdn.com/i/teamlogos/ncaa/500/2908.png
302,s:40~l:41~t:302,UC Davis,UC Davis Aggies,UCD,UC Davis Aggies,Aggies,https://a.espncdn.com/i/teamlogos/ncaa/500/302.png
2449,s:40~l:41~t:2449,North Dakota State,North Dakota State Bison,NDSU,North Dakota State Bison,Bison,https://a.espncdn.com/i/teamlogos/ncaa/500/2449.png
147,s:40~l:41~t:147,Montana State,Montana State Bobcats,MTST,Montana State Bobcats,Bobcats,https://a.espncdn.com/i/teamlogos/ncaa/500/147.png
3218,s:40~l:41~t:3218,Northwest Indian,Northwest Indian RedHawks,NWIC,Northwest Indian RedHawks,RedHawks,https://a.espncdn.com/i/teamlogos/ncaa/500/3218.png
3101,s:40~l:41~t:3101,Utah Tech,Utah Tech Trailblazers,UTU,Utah Tech Trailblazers,Trailblazers,https://a.espncdn.com/i/teamlogos/ncaa/500/3101.png
3246,s:40~l:41~t:3246,Bethesda University,Bethesda University Flames,BTHS,Bethesda University Flames,Flames,https://a.espncdn.com/combiner/i?img=/i/teamlogos/default-team-logo-500.png&h=244&w=244
344,s:40~l:41~t:344,Mississippi State,Mississippi State Bulldogs,MSST,Mississippi State Bulldogs,Bulldogs,https://a.espncdn.com/i/teamlogos/ncaa/500/344.png
2453,s:40~l:41~t:2453,North Alabama,North Alabama Lions,UNA,North Alabama Lions,Lions,https://a.espncdn.com/i/teamlogos/ncaa/500/2453.png
13,s:40~l:41~t:13,Cal Poly,Cal Poly Mustangs,CP,Cal Poly Mustangs,Mustangs,https://a.espncdn.com/i/teamlogos/ncaa/500/13.png
2486,s:40~l:41~t:2486,Pacific Lutheran,Pacific Lutheran Lutes,PACLTH,Pacific Lutheran Lutes,Lutes,https://a.espncdn.com/i/teamlogos/ncaa/500/2486.png
279,s:40~l:41~t:279,Pacific,Pacific Tigers,PAC,Pacific Tigers,Tigers,https://a.espncdn.com/i/teamlogos/ncaa/500/279.png
109670,s:40~l:41~t:109670,Life Pacific,Life Pacific Warriors,LPU,Life Pacific Warriors,Warriors,https://a.espncdn.com/combiner/i?img=/i/teamlogos/default-team-logo-500.png&h=244&w=244
2351,s:40~l:41~t:2351,Loyola Marymount,Loyola Marymount Lions,LMU,Loyola Marymount Lions,Lions,https://a.espncdn.com/i/teamlogos/ncaa/500/2351.png
331,s:40~l:41~t:331,Eastern Washington,Eastern Washington Eagles,EWU,Eastern Washington Eagles,Eagles,https://a.espncdn.com/i/teamlogos/ncaa/500/331.png
57,s:40~l:41~t:57,Florida,Florida Gators,FLA,Florida Gators,Gators,https://a.espncdn.com/i/teamlogos/ncaa/500/57.png
2454,s:40~l:41~t:2454,North Florida,North Florida Ospreys,UNF,North Florida Ospreys,Ospreys,https://a.espncdn.com/i/teamlogos/ncaa/500/2454.png
97,s:40~l:41~t:97,Louisville,Louisville Cardinals,LOU,Louisville Cardinals,Cardinals,https://a.espncdn.com/i/teamlogos/ncaa/500/97.png
2296,s:40~l:41~t:2296,Jackson State,Jackson State Tigers,JKST,Jackson State Tigers,Tigers,https://a.espncdn.com/i/teamlogos/ncaa/500/2296.png
66,s:40~l:41~t:66,Iowa State,Iowa State Cyclones,ISU,Iowa State Cyclones,Cyclones,https://a.espncdn.com/i/teamlogos/ncaa/500/66.png
2755,s:40~l:41~t:2755,Grambling,Grambling Tigers,GRAM,Grambling Tigers,Tigers,https://a.espncdn.com/i/teamlogos/ncaa/500/2755.png
2,s:40~l:41~t:2,Auburn,Auburn Tigers,AUB,Auburn Tigers,Tigers,https://a.espncdn.com/i/teamlogos/ncaa/500/2.png
2771,s:40~l:41~t:2771,Merrimack,Merrimack Warriors,MRMK,Merrimack Warriors,Warriors,https://a.espncdn.com/i/teamlogos/ncaa/500/2771.png
2352,s:40~l:41~t:2352,Loyola Maryland,Loyola Maryland Greyhounds,L-MD,Loyola Maryland Greyhounds,Greyhounds,https://a.espncdn.com/i/teamlogos/ncaa/500/2352.png
3183,s:40~l:41~t:3183,Penn St Abington,Penn St Abington Nittany Lions,PSAB,Penn St Abington Nittany Lions,Nittany Lions,https://a.espncdn.com/combiner/i?img=/i/teamlogos/default-team-logo-500.png&h=244&w=244
2934,s:40~l:41~t:2934,Cal State Bakersfield,Cal State Bakersfield Roadrunners,CSUB,Cal State Bakersfield Roadrunners,Roadrunners,https://a.espncdn.com/i/teamlogos/ncaa/500/2934.png
2850,s:40~l:41~t:2850,Whittier,Whittier Poets,WHI,Whittier Poets,Poets,https://a.espncdn.com/i/teamlogos/ncaa/500/2850.png
160,s:40~l:41~t:160,New Hampshire,New Hampshire Wildcats,UNH,New Hampshire Wildcats,Wildcats,https://a.espncdn.com/i/teamlogos/ncaa/500/160.png
40,s:40~l:41~t:40,Curry College,Curry College Colonels,CUR,Curry College Colonels,Colonels,https://a.espncdn.com/i/teamlogos/ncaa/500/40.png
2415,s:40~l:41~t:2415,Morgan State,Morgan State Bears,MORG,Morgan State Bears,Bears,https://a.espncdn.com/i/teamlogos/ncaa/500/2415.png
3164,s:40~l:41~t:3164,Central Penn,Central Penn Knights,CPC,Central Penn Knights,Knights,https://a.espncdn.com/combiner/i?img=/i/teamlogos/default-team-logo-500.png&h=244&w=244
85,s:40~l:41~t:85,IU Indianapolis,IU Indianapolis Jaguars,IUIN,IU Indianapolis Jaguars,Jaguars,https://a.espncdn.com/i/teamlogos/ncaa/500/85.png
112358,s:40~l:41~t:112358,Long Island University,Long Island University Sharks,LIU,Long Island University Sharks,Sharks,https://a.espncdn.com/i/teamlogos/ncaa/500/112358.png
47,s:40~l:41~t:47,Howard,Howard Bison,HOW,Howard Bison,Bison,https://a.espncdn.com/i/teamlogos/ncaa/500/47.png
2177,s:40~l:41~t:2177,District Of Columbia,District Of Columbia Firebirds,UDC,District Of Columbia Firebirds,Firebirds,https://a.espncdn.com/combiner/i?img=/i/teamlogos/default-team-logo-500.png&h=244&w=244
295,s:40~l:41~t:295,Old Dominion,Old Dominion Monarchs,ODU,Old Dominion Monarchs,Monarchs,https://a.espncdn.com/i/teamlogos/ncaa/500/295.png
3153,s:40~l:41~t:3153,Randolph College,Randolph College Wildcats,RDPH,Randolph College Wildcats,Wildcats,https://a.espncdn.com/combiner/i?img=/i/teamlogos/default-team-logo-500.png&h=244&w=244
2329,s:40~l:41~t:2329,Lehigh,Lehigh Mountain Hawks,LEH,Lehigh Mountain Hawks,Mountain Hawks,https://a.espncdn.com/i/teamlogos/ncaa/500/2329.png
110414,s:40~l:41~t:110414,Valley Forge,Valley Forge Patriots,UVF,Valley Forge Patriots,Patriots,https://a.espncdn.com/combiner/i?img=/i/teamlogos/default-team-logo-500.png&h=244&w=244
2711,s:40~l:41~t:2711,Western Michigan,Western Michigan Broncos,WMU,Western Michigan Broncos,Broncos,https://a.espncdn.com/i/teamlogos/ncaa/500/2711.png
2886,s:40~l:41~t:2886,Northwood (MI),Northwood (MI) Timberwolves,NAR,Northwood (MI) Timberwolves,Timberwolves,https://a.espncdn.com/i/teamlogos/ncaa/500/2886.png
282,s:40~l:41~t:282,Indiana State,Indiana State Sycamores,INST,Indiana State Sycamores,Sycamores,https://a.espncdn.com/i/teamlogos/ncaa/500/282.png
73,s:40~l:41~t:73,Illinois Tech,Illinois Tech Scarlet Hawks,ILLTECH,Illinois Tech Scarlet Hawks,Scarlet Hawks,https://a.espncdn.com/combiner/i?img=/i/teamlogos/default-team-logo-500.png&h=244&w=244
2261,s:40~l:41~t:2261,Hampton,Hampton Pirates,HAMP,Hampton Pirates,Pirates,https://a.espncdn.com/i/teamlogos/ncaa/500/2261.png
108806,s:40~l:41~t:108806,Mid-Atlantic Christian,Mid-Atlantic Christian Mustangs,MATC,Mid-Atlantic Christian Mustangs,Mustangs,https://a.espncdn.com/combiner/i?img=/i/teamlogos/default-team-logo-500.png&h=244&w=244
325,s:40~l:41~t:325,Cleveland State,Cleveland State Vikings,CLE,Cleveland State Vikings,Vikings,https://a.espncdn.com/i/teamlogos/ncaa/500/325.png
424,s:40~l:41~t:424,Capital,Capital Crusaders,CAPITAL,Capital Crusaders,Crusaders,https://a.espncdn.com/i/teamlogos/ncaa/500/424.png
189,s:40~l:41~t:189,Bowling Green,Bowling Green Falcons,BGSU,Bowling Green Falcons,Falcons,https://a.espncdn.com/i/teamlogos/ncaa/500/189.png
2062,s:40~l:41~t:2062,Bethany (WV),Bethany (WV) Bison,BCWV,Bethany (WV) Bison,Bison,https://a.espncdn.com/i/teamlogos/ncaa/500/2062.png
112686,s:40~l:41~t:112686,University of Health Sciences & Pharmacy,University of Health Sciences & Pharmacy Eutectics,UHSP,University of Health Sciences & Pharmacy Eutectics,Eutectics,https://a.espncdn.com/combiner/i?img=/i/teamlogos/default-team-logo-500.png&h=244&w=244
2127,s:40~l:41~t:2127,Charleston Southern,Charleston Southern Buccaneers,CHSO,Charleston Southern Buccaneers,Buccaneers,https://a.espncdn.com/i/teamlogos/ncaa/500/2127.png
2648,s:40~l:41~t:2648,Toccoa Falls,Toccoa Falls Eagles,TF,Toccoa Falls Eagles,Eagles,https://a.espncdn.com/combiner/i?img=/i/teamlogos/default-team-logo-500.png&h=244&w=244
2097,s:40~l:41~t:2097,Campbell,Campbell Fighting Camels,CAM,Campbell Fighting Camels,Fighting Camels,https://a.espncdn.com/i/teamlogos/ncaa/500/2097.png
103,s:40~l:41~t:103,Boston College,Boston College Eagles,BC,Boston College Eagles,Eagles,https://a.espncdn.com/i/teamlogos/ncaa/500/103.png
2643,s:40~l:41~t:2643,The Citadel,The Citadel Bulldogs,CIT,The Citadel Bulldogs,Bulldogs,https://a.espncdn.com/i/teamlogos/ncaa/500/2643.png
2099,s:40~l:41~t:2099,Canisius,Canisius Golden Griffins,CAN,Canisius Golden Griffins,Golden Griffins,https://a.espncdn.com/i/teamlogos/ncaa/500/2099.png
2018,s:40~l:41~t:2018,Allegheny,Allegheny Gators,ALL,Allegheny Gators,Gators,https://a.espncdn.com/i/teamlogos/ncaa/500/2018.png
195,s:40~l:41~t:195,Ohio,Ohio Bobcats,OHIO,Ohio Bobcats,Bobcats,https://a.espncdn.com/i/teamlogos/ncaa/500/195.png
2287,s:40~l:41~t:2287,Illinois State,Illinois State Redbirds,ILST,Illinois State Redbirds,Redbirds,https://a.espncdn.com/i/teamlogos/ncaa/500/2287.png
2514,s:40~l:41~t:2514,Quinnipiac,Quinnipiac Bobcats,QUIN,Quinnipiac Bobcats,Bobcats,https://a.espncdn.com/i/teamlogos/ncaa/500/2514.png
2115,s:40~l:41~t:2115,Central Connecticut,Central Connecticut Blue Devils,CCSU,Central Connecticut Blue Devils,Blue Devils,https://a.espncdn.com/i/teamlogos/ncaa/500/2115.png
2752,s:40~l:41~t:2752,Xavier,Xavier Musketeers,XAV,Xavier Musketeers,Musketeers,https://a.espncdn.com/i/teamlogos/ncaa/500/2752.png
2330,s:40~l:41~t:2330,Le Moyne,Le Moyne Dolphins,LEM,Le Moyne Dolphins,Dolphins,https://a.espncdn.com/i/teamlogos/ncaa/500/2330.png
2390,s:40~l:41~t:2390,Miami,Miami Hurricanes,MIA,Miami Hurricanes,Hurricanes,https://a.espncdn.com/i/teamlogos/ncaa/500/2390.png
2065,s:40~l:41~t:2065,Bethune-Cookman,Bethune-Cookman Wildcats,BCU,Bethune-Cookman Wildcats,Wildcats,https://a.espncdn.com/i/teamlogos/ncaa/500/2065.png
2181,s:40~l:41~t:2181,Drake,Drake Bulldogs,DRKE,Drake Bulldogs,Bulldogs,https://a.espncdn.com/i/teamlogos/ncaa/500/2181.png
6,s:40~l:41~t:6,South Alabama,South Alabama Jaguars,USA,South Alabama Jaguars,Jaguars,https://a.espncdn.com/i/teamlogos/ncaa/500/6.png
2571,s:40~l:41~t:2571,South Dakota State,South Dakota State Jackrabbits,SDST,South Dakota State Jackrabbits,Jackrabbits,https://a.espncdn.com/i/teamlogos/ncaa/500/2571.png
512,s:40~l:41~t:512,Dakota State,Dakota State Trojans,DAKO,Dakota State Trojans,Trojans,https://a.espncdn.com/i/teamlogos/ncaa/500/512.png
2198,s:40~l:41~t:2198,Eastern Kentucky,Eastern Kentucky Colonels,EKU,Eastern Kentucky Colonels,Colonels,https://a.espncdn.com/i/teamlogos/ncaa/500/2198.png
111166,s:40~l:41~t:111166,Midway University,Midway University Eagles,MIDW,Midway University Eagles,Eagles,https://a.espncdn.com/combiner/i?img=/i/teamlogos/default-team-logo-500.png&h=244&w=244
249,s:40~l:41~t:249,North Texas,North Texas Mean Green,UNT,North Texas Mean Green,Mean Green,https://a.espncdn.com/i/teamlogos/ncaa/500/249.png
2466,s:40~l:41~t:2466,Northwestern State,Northwestern State Demons,NWST,Northwestern State Demons,Demons,https://a.espncdn.com/i/teamlogos/ncaa/500/2466.png
2572,s:40~l:41~t:2572,Southern Miss,Southern Miss Golden Eagles,USM,Southern Miss Golden Eagles,Golden Eagles,https://a.espncdn.com/i/teamlogos/ncaa/500/2572.png
2650,s:40~l:41~t:2650,Tougaloo,Tougaloo Bulldogs,TOUGA,Tougaloo Bulldogs,Bulldogs,https://a.espncdn.com/combiner/i?img=/i/teamlogos/default-team-logo-500.png&h=244&w=244
245,s:40~l:41~t:245,Texas A&M,Texas A&M Aggies,TA&M,Texas A&M Aggies,Aggies,https://a.espncdn.com/i/teamlogos/ncaa/500/245.png
2640,s:40~l:41~t:2640,Texas Southern,Texas Southern Tigers,TXSO,Texas Southern Tigers,Tigers,https://a.espncdn.com/i/teamlogos/ncaa/500/2640.png
155,s:40~l:41~t:155,North Dakota,North Dakota Fighting Hawks,UND,North Dakota Fighting Hawks,Fighting Hawks,https://a.espncdn.com/i/teamlogos/ncaa/500/155.png
27,s:40~l:41~t:27,UC Riverside,UC Riverside Highlanders,UCR,UC Riverside Highlanders,Highlanders,https://a.espncdn.com/i/teamlogos/ncaa/500/27.png
2000,s:40~l:41~t:2000,Abilene Christian,Abilene Christian Wildcats,ACU,Abilene Christian Wildcats,Wildcats,https://a.espncdn.com/i/teamlogos/ncaa/500/2000.png
2437,s:40~l:41~t:2437,Omaha,Omaha Mavericks,OMA,Omaha Mavericks,Mavericks,https://a.espncdn.com/i/teamlogos/ncaa/500/2437.png
294,s:40~l:41~t:294,Jacksonville,Jacksonville Dolphins,JAX,Jacksonville Dolphins,Dolphins,https://a.espncdn.com/i/teamlogos/ncaa/500/294.png
3155,s:40~l:41~t:3155,Trinity (FL),Trinity (FL) Tigers,TCFL,Trinity (FL) Tigers,Tigers,https://a.espncdn.com/combiner/i?img=/i/teamlogos/default-team-logo-500.png&h=244&w=244
2460,s:40~l:41~t:2460,Northern Iowa,Northern Iowa Panthers,UNI,Northern Iowa Panthers,Panthers,https://a.espncdn.com/i/teamlogos/ncaa/500/2460.png
2463,s:40~l:41~t:2463,Cal State Northridge,Cal State Northridge Matadors,CSUN,Cal State Northridge Matadors,Matadors,https://a.espncdn.com/i/teamlogos/ncaa/500/2463.png
2567,s:40~l:41~t:2567,SMU,SMU Mustangs,SMU,SMU Mustangs,Mustangs,https://a.espncdn.com/i/teamlogos/ncaa/500/2567.png
357,s:40~l:41~t:357,Texas A&M-Corpus Christi,Texas A&M-Corpus Christi Islanders,AMCC,Texas A&M-Corpus Christi Islanders,Islanders,https://a.espncdn.com/i/teamlogos/ncaa/500/357.png
139,s:40~l:41~t:139,Saint Louis,Saint Louis Billikens,SLU,Saint Louis Billikens,Billikens,https://a.espncdn.com/i/teamlogos/ncaa/500/139.png
2130,s:40~l:41~t:2130,Chicago State,Chicago State Cougars,CHST,Chicago State Cougars,Cougars,https://a.espncdn.com/i/teamlogos/ncaa/500/2130.png
2628,s:40~l:41~t:2628,TCU,TCU Horned Frogs,TCU,TCU Horned Frogs,Horned Frogs,https://a.espncdn.com/i/teamlogos/ncaa/500/2628.png
2598,s:40~l:41~t:2598,Saint Francis,Saint Francis Red Flash,SFPA,Saint Francis Red Flash,Red Flash,https://a.espncdn.com/i/teamlogos/ncaa/500/2598.png
2350,s:40~l:41~t:2350,Loyola Chicago,Loyola Chicago Ramblers,LUC,Loyola Chicago Ramblers,Ramblers,https://a.espncdn.com/i/teamlogos/ncaa/500/2350.png
2385,s:40~l:41~t:2385,Mercyhurst,Mercyhurst Lakers,MERC,Mercyhurst Lakers,Lakers,https://a.espncdn.com/i/teamlogos/ncaa/500/2385.png
264,s:40~l:41~t:264,Washington,Washington Huskies,WASH,Washington Huskies,Huskies,https://a.espncdn.com/i/teamlogos/ncaa/500/264.png
2172,s:40~l:41~t:2172,Denver,Denver Pioneers,DEN,Denver Pioneers,Pioneers,https://a.espncdn.com/i/teamlogos/ncaa/500/2172.png
25,s:40~l:41~t:25,California,California Golden Bears,CAL,California Golden Bears,Golden Bears,https://a.espncdn.com/i/teamlogos/ncaa/500/25.png
2750,s:40~l:41~t:2750,Wright State,Wright State Raiders,WRST,Wright State Raiders,Raiders,https://a.espncdn.com/i/teamlogos/ncaa/500/2750.png
2501,s:40~l:41~t:2501,Portland,Portland Pilots,PORT,Portland Pilots,Pilots,https://a.espncdn.com/i/teamlogos/ncaa/500/2501.png
2029,s:40~l:41~t:2029,Arkansas-Pine Bluff,Arkansas-Pine Bluff Golden Lions,UAPB,Arkansas-Pine Bluff Golden Lions,Golden Lions,https://a.espncdn.com/i/teamlogos/ncaa/500/2029.png
2473,s:40~l:41~t:2473,Oakland,Oakland Golden Grizzlies,OAK,Oakland Golden Grizzlies,Golden Grizzlies,https://a.espncdn.com/i/teamlogos/ncaa/500/2473.png
41,s:40~l:41~t:41,UConn,UConn Huskies,CONN,UConn Huskies,Huskies,https://a.espncdn.com/i/teamlogos/ncaa/500/41.png
2349,s:40~l:41~t:2349,UMass Lowell,UMass Lowell River Hawks,UML,UMass Lowell River Hawks,River Hawks,https://a.espncdn.com/i/teamlogos/ncaa/500/2349.png
2534,s:40~l:41~t:2534,Sam Houston,Sam Houston Bearkats,SHSU,Sam Houston Bearkats,Bearkats,https://a.espncdn.com/i/teamlogos/ncaa/500/2534.png
26,s:40~l:41~t:26,UCLA,UCLA Bruins,UCLA,UCLA Bruins,Bruins,https://a.espncdn.com/i/teamlogos/ncaa/500/26.png
2492,s:40~l:41~t:2492,Pepperdine,Pepperdine Waves,PEPP,Pepperdine Waves,Waves,https://a.espncdn.com/i/teamlogos/ncaa/500/2492.png
12,s:40~l:41~t:12,Arizona,Arizona Wildcats,ARIZ,Arizona Wildcats,Wildcats,https://a.espncdn.com/i/teamlogos/ncaa/500/12.png
356,s:40~l:41~t:356,Illinois,Illinois Fighting Illini,ILL,Illinois Fighting Illini,Fighting Illini,https://a.espncdn.com/i/teamlogos/ncaa/500/356.png
526,s:40~l:41~t:526,Florida Gulf Coast,Florida Gulf Coast Eagles,FGCU,Florida Gulf Coast Eagles,Eagles,https://a.espncdn.com/i/teamlogos/ncaa/500/526.png
153,s:40~l:41~t:153,North Carolina,North Carolina Tar Heels,UNC,North Carolina Tar Heels,Tar Heels,https://a.espncdn.com/i/teamlogos/ncaa/500/153.png
2305,s:40~l:41~t:2305,Kansas,Kansas Jayhawks,KU,Kansas Jayhawks,Jayhawks,https://a.espncdn.com/i/teamlogos/ncaa/500/2305.png
275,s:40~l:41~t:275,Wisconsin,Wisconsin Badgers,WIS,Wisconsin Badgers,Badgers,https://a.espncdn.com/i/teamlogos/ncaa/500/275.png
2459,s:40~l:41~t:2459,Northern Illinois,Northern Illinois Huskies,NIU,Northern Illinois Huskies,Huskies,https://a.espncdn.com/i/teamlogos/ncaa/500/2459.png
48,s:40~l:41~t:48,Delaware,Delaware Blue Hens,DEL,Delaware Blue Hens,Blue Hens,https://a.espncdn.com/i/teamlogos/ncaa/500/48.png
2732,s:40~l:41~t:2732,Wilmington (DE),Wilmington (DE) Wildcats,WILMDE,Wilmington (DE) Wildcats,Wildcats,https://a.espncdn.com/combiner/i?img=/i/teamlogos/default-team-logo-500.png&h=244&w=244
502,s:40~l:41~t:502,Calumet,Calumet Crimson Wave,CSJ,Calumet Crimson Wave,Crimson Wave,https://a.espncdn.com/combiner/i?img=/i/teamlogos/default-team-logo-500.png&h=244&w=244
2441,s:40~l:41~t:2441,New Haven,New Haven Chargers,NHVN,New Haven Chargers,Chargers,https://a.espncdn.com/i/teamlogos/ncaa/500/2441.png
171,s:40~l:41~t:171,Columbia,Columbia Lions,COLU,Columbia Lions,Lions,https://a.espncdn.com/i/teamlogos/ncaa/500/171.png
2916,s:40~l:41~t:2916,Incarnate Word,Incarnate Word Cardinals,UIW,Incarnate Word Cardinals,Cardinals,https://a.espncdn.com/i/teamlogos/ncaa/500/2916.png
2299,s:40~l:41~t:2299,Jarvis Christian,Jarvis Christian Bulldogs,JVCU,Jarvis Christian Bulldogs,Bulldogs,https://a.espncdn.com/combiner/i?img=/i/teamlogos/default-team-logo-500.png&h=244&w=244
2142,s:40~l:41~t:2142,Colgate,Colgate Raiders,COLG,Colgate Raiders,Raiders,https://a.espncdn.com/i/teamlogos/ncaa/500/2142.png
111,s:40~l:41~t:111,Northeastern,Northeastern Huskies,NE,Northeastern Huskies,Huskies,https://a.espncdn.com/i/teamlogos/ncaa/500/111.png
108,s:40~l:41~t:108,Harvard,Harvard Crimson,HARV,Harvard Crimson,Crimson,https://a.espncdn.com/i/teamlogos/ncaa/500/108.png
109,s:40~l:41~t:109,MIT,MIT Engineers,MIT,MIT Engineers,Engineers,https://a.espncdn.com/i/teamlogos/ncaa/500/109.png
2335,s:40~l:41~t:2335,Liberty,Liberty Flames,LIB,Liberty Flames,Flames,https://a.espncdn.com/i/teamlogos/ncaa/500/2335.png
232,s:40~l:41~t:232,Charleston,Charleston Cougars,COFC,Charleston Cougars,Cougars,https://a.espncdn.com/i/teamlogos/ncaa/500/232.png
77,s:40~l:41~t:77,Northwestern,Northwestern Wildcats,NU,Northwestern Wildcats,Wildcats,https://a.espncdn.com/i/teamlogos/ncaa/500/77.png
104,s:40~l:41~t:104,Boston University,Boston University Terriers,BU,Boston University Terriers,Terriers,https://a.espncdn.com/i/teamlogos/ncaa/500/104.png
120,s:40~l:41~t:120,Maryland,Maryland Terrapins,MD,Maryland Terrapins,Terrapins,https://a.espncdn.com/i/teamlogos/ncaa/500/120.png
46,s:40~l:41~t:46,Georgetown,Georgetown Hoyas,GTWN,Georgetown Hoyas,Hoyas,https://a.espncdn.com/i/teamlogos/ncaa/500/46.png
227,s:40~l:41~t:227,Rhode Island,Rhode Island Rams,URI,Rhode Island Rams,Rams,https://a.espncdn.com/i/teamlogos/ncaa/500/227.png
202,s:40~l:41~t:202,Tulsa,Tulsa Golden Hurricane,TLSA,Tulsa Golden Hurricane,Golden Hurricane,https://a.espncdn.com/i/teamlogos/ncaa/500/202.png
2084,s:40~l:41~t:2084,Buffalo,Buffalo Bulls,BUF,Buffalo Bulls,Bulls,https://a.espncdn.com/i/teamlogos/ncaa/500/2084.png
2739,s:40~l:41~t:2739,Green Bay,Green Bay Phoenix,GB,Green Bay Phoenix,Phoenix,https://a.espncdn.com/i/teamlogos/ncaa/500/2739.png
194,s:40~l:41~t:194,Ohio State,Ohio State Buckeyes,OSU,Ohio State Buckeyes,Buckeyes,https://a.espncdn.com/i/teamlogos/ncaa/500/194.png
2870,s:40~l:41~t:2870,Purdue Fort Wayne,Purdue Fort Wayne Mastodons,PFW,Purdue Fort Wayne Mastodons,Mastodons,https://a.espncdn.com/i/teamlogos/ncaa/500/2870.png
324,s:40~l:41~t:324,Coastal Carolina,Coastal Carolina Chanticleers,CCU,Coastal Carolina Chanticleers,Chanticleers,https://a.espncdn.com/i/teamlogos/ncaa/500/324.png
3229,s:40~l:41~t:3229,Virginia-Lynchburg,Virginia-Lynchburg Dragons,VUL,Virginia-Lynchburg Dragons,Dragons,https://a.espncdn.com/combiner/i?img=/i/teamlogos/default-team-logo-500.png&h=244&w=244
2617,s:40~l:41~t:2617,Stephen F. Austin,Stephen F. Austin Lumberjacks,SFA,Stephen F. Austin Lumberjacks,Lumberjacks,https://a.espncdn.com/i/teamlogos/ncaa/500/2617.png
2032,s:40~l:41~t:2032,Arkansas State,Arkansas State Red Wolves,ARST,Arkansas State Red Wolves,Red Wolves,https://a.espncdn.com/i/teamlogos/ncaa/500/2032.png
2011,s:40~l:41~t:2011,Alabama State,Alabama State Hornets,ALST,Alabama State Hornets,Hornets,https://a.espncdn.com/i/teamlogos/ncaa/500/2011.png
2244,s:40~l:41~t:2244,George Mason,George Mason Patriots,GMU,George Mason Patriots,Patriots,https://a.espncdn.com/i/teamlogos/ncaa/500/2244.png
2737,s:40~l:41~t:2737,Winthrop,Winthrop Eagles,WIN,Winthrop Eagles,Eagles,https://a.espncdn.com/i/teamlogos/ncaa/500/2737.png
2515,s:40~l:41~t:2515,Radford,Radford Highlanders,RAD,Radford Highlanders,Highlanders,https://a.espncdn.com/i/teamlogos/ncaa/500/2515.png
455,s:40~l:41~t:455,West Virginia Wesleyan,West Virginia Wesleyan Bobcats,WVWC,West Virginia Wesleyan Bobcats,Bobcats,https://a.espncdn.com/i/teamlogos/ncaa/500/455.png
2698,s:40~l:41~t:2698,West Georgia,West Georgia Wolves,WGA,West Georgia Wolves,Wolves,https://a.espncdn.com/i/teamlogos/ncaa/500/2698.png
2938,s:40~l:41~t:2938,Huntingdon College (AL),Huntingdon College (AL) Hawks,HNTNGDN,Huntingdon College (AL) Hawks,Hawks,https://a.espncdn.com/i/teamlogos/ncaa/500/2938.png
56,s:40~l:41~t:56,Stetson,Stetson Hatters,STET,Stetson Hatters,Hatters,https://a.espncdn.com/i/teamlogos/ncaa/500/56.png
123362,s:40~l:41~t:123362,Fort Lauderdale,Fort Lauderdale Eagles,UFTL,Fort Lauderdale Eagles,Eagles,https://a.espncdn.com/combiner/i?img=/i/teamlogos/default-team-logo-500.png&h=244&w=244
231,s:40~l:41~t:231,Furman,Furman Paladins,FUR,Furman Paladins,Paladins,https://a.espncdn.com/i/teamlogos/ncaa/500/231.png
2653,s:40~l:41~t:2653,Troy,Troy Trojans,TROY,Troy Trojans,Trojans,https://a.espncdn.com/i/teamlogos/ncaa/500/2653.png
314,s:40~l:41~t:314,Iona,Iona Gaels,IONA,Iona Gaels,Gaels,https://a.espncdn.com/i/teamlogos/ncaa/500/314.png
2275,s:40~l:41~t:2275,Hofstra,Hofstra Pride,HOF,Hofstra Pride,Pride,https://a.espncdn.com/i/teamlogos/ncaa/500/2275.png
2166,s:40~l:41~t:2166,Davidson,Davidson Wildcats,DAV,Davidson Wildcats,Wildcats,https://a.espncdn.com/i/teamlogos/ncaa/500/2166.png
265,s:40~l:41~t:265,Washington State,Washington State Cougars,WSU,Washington State Cougars,Cougars,https://a.espncdn.com/i/teamlogos/ncaa/500/265.png
2710,s:40~l:41~t:2710,Western Illinois,Western Illinois Leathernecks,WIU,Western Illinois Leathernecks,Leathernecks,https://a.espncdn.com/i/teamlogos/ncaa/500/2710.png
6371,s:40~l:41~t:6371,Lane College,Lane College Dragons,LANE,Lane College Dragons,Dragons,https://a.espncdn.com/combiner/i?img=/i/teamlogos/default-team-logo-500.png&h=244&w=244
2309,s:40~l:41~t:2309,Kent State,Kent State Golden Flashes,KENT,Kent State Golden Flashes,Golden Flashes,https://a.espncdn.com/i/teamlogos/ncaa/500/2309.png
172,s:40~l:41~t:172,Cornell,Cornell Big Red,COR,Cornell Big Red,Big Red,https://a.espncdn.com/i/teamlogos/ncaa/500/172.png
2050,s:40~l:41~t:2050,Ball State,Ball State Cardinals,BALL,Ball State Cardinals,Cardinals,https://a.espncdn.com/i/teamlogos/ncaa/500/2050.png
2365,s:40~l:41~t:2365,Mansfield,Mansfield Mountaineers,MNFD,Mansfield Mountaineers,Mountaineers,https://a.espncdn.com/i/teamlogos/ncaa/500/2365.png
2429,s:40~l:41~t:2429,Charlotte,Charlotte 49ers,CLT,Charlotte 49ers,49ers,https://a.espncdn.com/i/teamlogos/ncaa/500/2429.png
2635,s:40~l:41~t:2635,Tennessee Tech,Tennessee Tech Golden Eagles,TNTC,Tennessee Tech Golden Eagles,Golden Eagles,https://a.espncdn.com/i/teamlogos/ncaa/500/2635.png
2132,s:40~l:41~t:2132,Cincinnati,Cincinnati Bearcats,CIN,Cincinnati Bearcats,Bearcats,https://a.espncdn.com/i/teamlogos/ncaa/500/2132.png
2247,s:40~l:41~t:2247,Georgia State,Georgia State Panthers,GAST,Georgia State Panthers,Panthers,https://a.espncdn.com/i/teamlogos/ncaa/500/2247.png
225,s:40~l:41~t:225,Brown,Brown Bears,BRWN,Brown Bears,Bears,https://a.espncdn.com/i/teamlogos/ncaa/500/225.png
2561,s:40~l:41~t:2561,Siena,Siena Saints,SIE,Siena Saints,Saints,https://a.espncdn.com/i/teamlogos/ncaa/500/2561.png
154,s:40~l:41~t:154,Wake Forest,Wake Forest Demon Deacons,WAKE,Wake Forest Demon Deacons,Demon Deacons,https://a.espncdn.com/i/teamlogos/ncaa/500/154.png
2413,s:40~l:41~t:2413,Morehead State,Morehead State Eagles,MORE,Morehead State Eagles,Eagles,https://a.espncdn.com/i/teamlogos/ncaa/500/2413.png
258,s:40~l:41~t:258,Virginia,Virginia Cavaliers,UVA,Virginia Cavaliers,Cavaliers,https://a.espncdn.com/i/teamlogos/ncaa/500/258.png
2428,s:40~l:41~t:2428,North Carolina Central,North Carolina Central Eagles,NCCU,North Carolina Central Eagles,Eagles,https://a.espncdn.com/i/teamlogos/ncaa/500/2428.png
221,s:40~l:41~t:221,Pittsburgh,Pittsburgh Panthers,PITT,Pittsburgh Panthers,Panthers,https://a.espncdn.com/i/teamlogos/ncaa/500/221.png
2344,s:40~l:41~t:2344,Longwood,Longwood Lancers,LONG,Longwood Lancers,Lancers,https://a.espncdn.com/i/teamlogos/ncaa/500/2344.png
87,s:40~l:41~t:87,Notre Dame,Notre Dame Fighting Irish,ND,Notre Dame Fighting Irish,Fighting Irish,https://a.espncdn.com/i/teamlogos/ncaa/500/87.png
2174,s:40~l:41~t:2174,Detroit Mercy,Detroit Mercy Titans,DETM,Detroit Mercy Titans,Titans,https://a.espncdn.com/i/teamlogos/ncaa/500/2174.png
2184,s:40~l:41~t:2184,Duquesne,Duquesne Dukes,DUQ,Duquesne Dukes,Dukes,https://a.espncdn.com/i/teamlogos/ncaa/500/2184.png
228,s:40~l:41~t:228,Clemson,Clemson Tigers,CLEM,Clemson Tigers,Tigers,https://a.espncdn.com/i/teamlogos/ncaa/500/228.png
2241,s:40~l:41~t:2241,Gardner-Webb,Gardner-Webb Runnin' Bulldogs,GWEB,Gardner-Webb Runnin' Bulldogs,Runnin' Bulldogs,https://a.espncdn.com/i/teamlogos/ncaa/500/2241.png
219,s:40~l:41~t:219,Pennsylvania,Pennsylvania Quakers,PENN,Pennsylvania Quakers,Quakers,https://a.espncdn.com/i/teamlogos/ncaa/500/219.png
2827,s:40~l:41~t:2827,Rowan,Rowan Profs,ROW,Rowan Profs,Profs,https://a.espncdn.com/i/teamlogos/ncaa/500/2827.png
2083,s:40~l:41~t:2083,Bucknell,Bucknell Bison,BUCK,Bucknell Bison,Bison,https://a.espncdn.com/i/teamlogos/ncaa/500/2083.png
193,s:40~l:41~t:193,Miami (OH),Miami (OH) RedHawks,M-OH,Miami (OH) RedHawks,RedHawks,https://a.espncdn.com/i/teamlogos/ncaa/500/193.png
2652,s:40~l:41~t:2652,Trinity Christian (IL),Trinity Christian (IL) Trolls,TRII,Trinity Christian (IL) Trolls,Trolls,https://a.espncdn.com/i/teamlogos/ncaa/500/2652.png
145,s:40~l:41~t:145,Ole Miss,Ole Miss Rebels,MISS,Ole Miss Rebels,Rebels,https://a.espncdn.com/i/teamlogos/ncaa/500/145.png
2433,s:40~l:41~t:2433,UL Monroe,UL Monroe Warhawks,ULM,UL Monroe Warhawks,Warhawks,https://a.espncdn.com/i/teamlogos/ncaa/500/2433.png
2550,s:40~l:41~t:2550,Seton Hall,Seton Hall Pirates,HALL,Seton Hall Pirates,Pirates,https://a.espncdn.com/i/teamlogos/ncaa/500/2550.png
2681,s:40~l:41~t:2681,Wagner,Wagner Seahawks,WAG,Wagner Seahawks,Seahawks,https://a.espncdn.com/i/teamlogos/ncaa/500/2681.png
289,s:40~l:41~t:289,Mount Saint Mary (NY),Mount Saint Mary (NY) Knights,MSM,Mount Saint Mary (NY) Knights,Knights,https://a.espncdn.com/combiner/i?img=/i/teamlogos/default-team-logo-500.png&h=244&w=244
59,s:40~l:41~t:59,Georgia Tech,Georgia Tech Yellow Jackets,GT,Georgia Tech Yellow Jackets,Yellow Jackets,https://a.espncdn.com/i/teamlogos/ncaa/500/59.png
2803,s:40~l:41~t:2803,Bryant,Bryant Bulldogs,BRY,Bryant Bulldogs,Bulldogs,https://a.espncdn.com/i/teamlogos/ncaa/500/2803.png
142,s:40~l:41~t:142,Missouri,Missouri Tigers,MIZ,Missouri Tigers,Tigers,https://a.espncdn.com/i/teamlogos/ncaa/500/142.png
2546,s:40~l:41~t:2546,Southeast Missouri State,Southeast Missouri State Redhawks,SEMO,Southeast Missouri State Redhawks,Redhawks,https://a.espncdn.com/i/teamlogos/ncaa/500/2546.png
79,s:40~l:41~t:79,Southern Illinois,Southern Illinois Salukis,SIU,Southern Illinois Salukis,Salukis,https://a.espncdn.com/i/teamlogos/ncaa/500/79.png
140,s:40~l:41~t:140,Kansas City,Kansas City Roos,KC,Kansas City Roos,Roos,https://a.espncdn.com/i/teamlogos/ncaa/500/140.png
2458,s:40~l:41~t:2458,Northern Colorado,Northern Colorado Bears,UNCO,Northern Colorado Bears,Bears,https://a.espncdn.com/i/teamlogos/ncaa/500/2458.png
2862,s:40~l:41~t:2862,Colorado Christian,Colorado Christian Cougars,COCU,Colorado Christian Cougars,Cougars,https://a.espncdn.com/combiner/i?img=/i/teamlogos/default-team-logo-500.png&h=244&w=244
93,s:40~l:41~t:93,Murray State,Murray State Racers,MUR,Murray State Racers,Racers,https://a.espncdn.com/i/teamlogos/ncaa/500/93.png
2464,s:40~l:41~t:2464,Northern Arizona,Northern Arizona Lumberjacks,NAU,Northern Arizona Lumberjacks,Lumberjacks,https://a.espncdn.com/i/teamlogos/ncaa/500/2464.png
130183,s:40~l:41~t:130183,Justice College,Justice College Lions,JUSC,Justice College Lions,Lions,https://a.espncdn.com/combiner/i?img=/i/teamlogos/default-team-logo-500.png&h=244&w=244
305,s:40~l:41~t:305,DePaul,DePaul Blue Demons,DEP,DePaul Blue Demons,Blue Demons,https://a.espncdn.com/i/teamlogos/ncaa/500/305.png
284,s:40~l:41~t:284,Stonehill,Stonehill Skyhawks,STO,Stonehill Skyhawks,Skyhawks,https://a.espncdn.com/i/teamlogos/ncaa/500/284.png
328,s:40~l:41~t:328,Utah State,Utah State Aggies,USU,Utah State Aggies,Aggies,https://a.espncdn.com/i/teamlogos/ncaa/500/328.png
2670,s:40~l:41~t:2670,VCU,VCU Rams,VCU,VCU Rams,Rams,https://a.espncdn.com/i/teamlogos/ncaa/500/2670.png
2535,s:40~l:41~t:2535,Samford,Samford Bulldogs,SAM,Samford Bulldogs,Bulldogs,https://a.espncdn.com/i/teamlogos/ncaa/500/2535.png
2569,s:40~l:41~t:2569,South Carolina State,South Carolina State Bulldogs,SCST,South Carolina State Bulldogs,Bulldogs,https://a.espncdn.com/i/teamlogos/ncaa/500/2569.png
2678,s:40~l:41~t:2678,VMI,VMI Keydets,VMI,VMI Keydets,Keydets,https://a.espncdn.com/i/teamlogos/ncaa/500/2678.png
309,s:40~l:41~t:309,Louisiana,Louisiana Ragin' Cajuns,UL,Louisiana Ragin' Cajuns,Ragin' Cajuns,https://a.espncdn.com/i/teamlogos/ncaa/500/309.png
2545,s:40~l:41~t:2545,SE Louisiana,SE Louisiana Lions,SELA,SE Louisiana Lions,Lions,https://a.espncdn.com/i/teamlogos/ncaa/500/2545.png
2638,s:40~l:41~t:2638,UTEP,UTEP Miners,UTEP,UTEP Miners,Miners,https://a.espncdn.com/i/teamlogos/ncaa/500/2638.png
2703,s:40~l:41~t:2703,Western New Mexico,Western New Mexico Mustangs,WNMU,Western New Mexico Mustangs,Mustangs,https://a.espncdn.com/i/teamlogos/ncaa/500/2703.png
70,s:40~l:41~t:70,Idaho,Idaho Vandals,IDHO,Idaho Vandals,Vandals,https://a.espncdn.com/i/teamlogos/ncaa/500/70.png
2720,s:40~l:41~t:2720,Whitman,Whitman Missionaries,WHITM,Whitman Missionaries,Missionaries,https://a.espncdn.com/combiner/i?img=/i/teamlogos/default-team-logo-500.png&h=244&w=244
2253,s:40~l:41~t:2253,Grand Canyon,Grand Canyon Lopes,GCU,Grand Canyon Lopes,Lopes,https://a.espncdn.com/i/teamlogos/ncaa/500/2253.png
2754,s:40~l:41~t:2754,Youngstown State,Youngstown State Penguins,YSU,Youngstown State Penguins,Penguins,https://a.espncdn.com/i/teamlogos/ncaa/500/2754.png
2426,s:40~l:41~t:2426,Navy,Navy Midshipmen,NAVY,Navy Midshipmen,Midshipmen,https://a.espncdn.com/i/teamlogos/ncaa/500/2426.png
43,s:40~l:41~t:43,Yale,Yale Bulldogs,YALE,Yale Bulldogs,Bulldogs,https://a.espncdn.com/i/teamlogos/ncaa/500/43.png
152,s:40~l:41~t:152,NC State,NC State Wolfpack,NCSU,NC State Wolfpack,Wolfpack,https://a.espncdn.com/i/teamlogos/ncaa/500/152.png
5,s:40~l:41~t:5,UAB,UAB Blazers,UAB,UAB Blazers,Blazers,https://a.espncdn.com/i/teamlogos/ncaa/500/5.png
3078,s:40~l:41~t:3078,Jessup University,Jessup University Warriors,JSP,Jessup University Warriors,Warriors,https://a.espncdn.com/combiner/i?img=/i/teamlogos/default-team-logo-500.png&h=244&w=244
2377,s:40~l:41~t:2377,McNeese,McNeese Cowboys,MCN,McNeese Cowboys,Cowboys,https://a.espncdn.com/i/teamlogos/ncaa/500/2377.png
204,s:40~l:41~t:204,Oregon State,Oregon State Beavers,ORST,Oregon State Beavers,Beavers,https://a.espncdn.com/i/teamlogos/ncaa/500/204.png
82,s:40~l:41~t:82,UIC,UIC Flames,UIC,UIC Flames,Flames,https://a.espncdn.com/i/teamlogos/ncaa/500/82.png
2608,s:40~l:41~t:2608,Saint Mary's,Saint Mary's Gaels,SMC,Saint Mary's Gaels,Gaels,https://a.espncdn.com/i/teamlogos/ncaa/500/2608.png
236,s:40~l:41~t:236,Chattanooga,Chattanooga Mocs,UTC,Chattanooga Mocs,Mocs,https://a.espncdn.com/i/teamlogos/ncaa/500/236.png
300,s:40~l:41~t:300,UC Irvine,UC Irvine Anteaters,UCI,UC Irvine Anteaters,Anteaters,https://a.espncdn.com/i/teamlogos/ncaa/500/300.png
2856,s:40~l:41~t:2856,California Baptist,California Baptist Lancers,CBU,California Baptist Lancers,Lancers,https://a.espncdn.com/i/teamlogos/ncaa/500/2856.png
248,s:40~l:41~t:248,Houston,Houston Cougars,HOU,Houston Cougars,Cougars,https://a.espncdn.com/i/teamlogos/ncaa/500/248.png
119,s:40~l:41~t:119,Towson,Towson Tigers,TOW,Towson Tigers,Tigers,https://a.espncdn.com/i/teamlogos/ncaa/500/119.png
2599,s:40~l:41~t:2599,St. John's,St. John's Red Storm,SJU,St. John's Red Storm,Red Storm,https://a.espncdn.com/i/teamlogos/ncaa/500/2599.png
333,s:40~l:41~t:333,Alabama,Alabama Crimson Tide,ALA,Alabama Crimson Tide,Crimson Tide,https://a.espncdn.com/i/teamlogos/ncaa/500/333.png
2717,s:40~l:41~t:2717,Western Carolina,Western Carolina Catamounts,WCU,Western Carolina Catamounts,Catamounts,https://a.espncdn.com/i/teamlogos/ncaa/500/2717.png
252,s:40~l:41~t:252,BYU,BYU Cougars,BYU,BYU Cougars,Cougars,https://a.espncdn.com/i/teamlogos/ncaa/500/252.png
107,s:40~l:41~t:107,Holy Cross,Holy Cross Crusaders,HC,Holy Cross Crusaders,Crusaders,https://a.espncdn.com/i/teamlogos/ncaa/500/107.png
127,s:40~l:41~t:127,Michigan State,Michigan State Spartans,MSU,Michigan State Spartans,Spartans,https://a.espncdn.com/i/teamlogos/ncaa/500/127.png
8,s:40~l:41~t:8,Arkansas,Arkansas Razorbacks,ARK,Arkansas Razorbacks,Razorbacks,https://a.espncdn.com/i/teamlogos/ncaa/500/8.png
2633,s:40~l:41~t:2633,Tennessee,Tennessee Volunteers,TENN,Tennessee Volunteers,Volunteers,https://a.espncdn.com/i/teamlogos/ncaa/500/2633.png
94,s:40~l:41~t:94,Northern Kentucky,Northern Kentucky Norse,NKU,Northern Kentucky Norse,Norse,https://a.espncdn.com/i/teamlogos/ncaa/500/94.png
2250,s:40~l:41~t:2250,Gonzaga,Gonzaga Bulldogs,GONZ,Gonzaga Bulldogs,Bulldogs,https://a.espncdn.com/i/teamlogos/ncaa/500/2250.png
201,s:40~l:41~t:201,Oklahoma,Oklahoma Sooners,OU,Oklahoma Sooners,Sooners,https://a.espncdn.com/i/teamlogos/ncaa/500/201.png
135,s:40~l:41~t:135,Minnesota,Minnesota Golden Gophers,MINN,Minnesota Golden Gophers,Golden Gophers,https://a.espncdn.com/i/teamlogos/ncaa/500/135.png
2006,s:40~l:41~t:2006,Akron,Akron Zips,AKR,Akron Zips,Zips,https://a.espncdn.com/i/teamlogos/ncaa/500/2006.png
163,s:40~l:41~t:163,Princeton,Princeton Tigers,PRIN,Princeton Tigers,Tigers,https://a.espncdn.com/i/teamlogos/ncaa/500/163.png
50,s:40~l:41~t:50,Florida A&M,Florida A&M Rattlers,FAMU,Florida A&M Rattlers,Rattlers,https://a.espncdn.com/i/teamlogos/ncaa/500/50.png
338,s:40~l:41~t:338,Kennesaw State,Kennesaw State Owls,KENN,Kennesaw State Owls,Owls,https://a.espncdn.com/i/teamlogos/ncaa/500/338.png
213,s:40~l:41~t:213,Penn State,Penn State Nittany Lions,PSU,Penn State Nittany Lions,Nittany Lions,https://a.espncdn.com/i/teamlogos/ncaa/500/213.png
158,s:40~l:41~t:158,Nebraska,Nebraska Cornhuskers,NEB,Nebraska Cornhuskers,Cornhuskers,https://a.espncdn.com/i/teamlogos/ncaa/500/158.png
2229,s:40~l:41~t:2229,Florida International,Florida International Panthers,FIU,Florida International Panthers,Panthers,https://a.espncdn.com/i/teamlogos/ncaa/500/2229.png
2603,s:40~l:41~t:2603,Saint Joseph's,Saint Joseph's Hawks,JOES,Saint Joseph's Hawks,Hawks,https://a.espncdn.com/i/teamlogos/ncaa/500/2603.png
2182,s:40~l:41~t:2182,Drexel,Drexel Dragons,DREX,Drexel Dragons,Dragons,https://a.espncdn.com/i/teamlogos/ncaa/500/2182.png
183,s:40~l:41~t:183,Syracuse,Syracuse Orange,SYR,Syracuse Orange,Orange,https://a.espncdn.com/i/teamlogos/ncaa/500/183.png
45,s:40~l:41~t:45,George Washington,George Washington Revolutionaries,GW,George Washington Revolutionaries,Revolutionaries,https://a.espncdn.com/i/teamlogos/ncaa/500/45.png
58,s:40~l:41~t:58,South Florida,South Florida Bulls,USF,South Florida Bulls,Bulls,https://a.espncdn.com/i/teamlogos/ncaa/500/58.png
2655,s:40~l:41~t:2655,Tulane,Tulane Green Wave,TULN,Tulane Green Wave,Green Wave,https://a.espncdn.com/i/teamlogos/ncaa/500/2655.png
2110,s:40~l:41~t:2110,Central Arkansas,Central Arkansas Bears,CARK,Central Arkansas Bears,Bears,https://a.espncdn.com/i/teamlogos/ncaa/500/2110.png
3134,s:40~l:41~t:3134,Champion Christian,Champion Christian Tigers,CHCC,Champion Christian Tigers,Tigers,https://a.espncdn.com/combiner/i?img=/i/teamlogos/default-team-logo-500.png&h=244&w=244
2649,s:40~l:41~t:2649,Toledo,Toledo Rockets,TOL,Toledo Rockets,Rockets,https://a.espncdn.com/i/teamlogos/ncaa/500/2649.png
276,s:40~l:41~t:276,Marshall,Marshall Thundering Herd,MRSH,Marshall Thundering Herd,Thundering Herd,https://a.espncdn.com/i/teamlogos/ncaa/500/276.png
2217,s:40~l:41~t:2217,Fairfield,Fairfield Stags,FAIR,Fairfield Stags,Stags,https://a.espncdn.com/i/teamlogos/ncaa/500/2217.png
2747,s:40~l:41~t:2747,Wofford,Wofford Terriers,WOF,Wofford Terriers,Terriers,https://a.espncdn.com/i/teamlogos/ncaa/500/2747.png
270,s:40~l:41~t:270,Milwaukee,Milwaukee Panthers,MILW,Milwaukee Panthers,Panthers,https://a.espncdn.com/i/teamlogos/ncaa/500/270.png
2168,s:40~l:41~t:2168,Dayton,Dayton Flyers,DAY,Dayton Flyers,Flyers,https://a.espncdn.com/i/teamlogos/ncaa/500/2168.png
315,s:40~l:41~t:315,Niagara,Niagara Purple Eagles,NIA,Niagara Purple Eagles,Purple Eagles,https://a.espncdn.com/i/teamlogos/ncaa/500/315.png
2612,s:40~l:41~t:2612,Saint Peter's,Saint Peter's Peacocks,SPU,Saint Peter's Peacocks,Peacocks,https://a.espncdn.com/i/teamlogos/ncaa/500/2612.png
161,s:40~l:41~t:161,Fairleigh Dickinson,Fairleigh Dickinson Knights,FDU,Fairleigh Dickinson Knights,Knights,https://a.espncdn.com/i/teamlogos/ncaa/500/161.png
235,s:40~l:41~t:235,Memphis,Memphis Tigers,MEM,Memphis Tigers,Tigers,https://a.espncdn.com/i/teamlogos/ncaa/500/235.png
2539,s:40~l:41~t:2539,San Francisco,San Francisco Dons,SF,San Francisco Dons,Dons,https://a.espncdn.com/i/teamlogos/ncaa/500/2539.png
126910,s:40~l:41~t:126910,Penn State-New Kensington,Penn State-New Kensington Lions,PSNK,Penn State-New Kensington Lions,Lions,https://a.espncdn.com/combiner/i?img=/i/teamlogos/default-team-logo-500.png&h=244&w=244
2590,s:40~l:41~t:2590,Spring Hill,Spring Hill Badgers,SPRHILL,Spring Hill Badgers,Badgers,https://a.espncdn.com/combiner/i?img=/i/teamlogos/default-team-logo-500.png&h=244&w=244
23,s:40~l:41~t:23,San José State,San José State Spartans,SJSU,San José State Spartans,Spartans,https://a.espncdn.com/i/teamlogos/ncaa/500/23.png
2729,s:40~l:41~t:2729,William & Mary,William & Mary Tribe,W&M,William & Mary Tribe,Tribe,https://a.espncdn.com/i/teamlogos/ncaa/500/2729.png
2116,s:40~l:41~t:2116,UCF,UCF Knights,UCF,UCF Knights,Knights,https://a.espncdn.com/i/teamlogos/ncaa/500/2116.png
238,s:40~l:41~t:238,Vanderbilt,Vanderbilt Commodores,VAN,Vanderbilt Commodores,Commodores,https://a.espncdn.com/i/teamlogos/ncaa/500/238.png
250,s:40~l:41~t:250,UT Arlington,UT Arlington Mavericks,UTA,UT Arlington Mavericks,Mavericks,https://a.espncdn.com/i/teamlogos/ncaa/500/250.png
68,s:40~l:41~t:68,Boise State,Boise State Broncos,BOIS,Boise State Broncos,Broncos,https://a.espncdn.com/i/teamlogos/ncaa/500/68.png
2751,s:40~l:41~t:2751,Wyoming,Wyoming Cowboys,WYO,Wyoming Cowboys,Cowboys,https://a.espncdn.com/i/teamlogos/ncaa/500/2751.png
2239,s:40~l:41~t:2239,Cal State Fullerton,Cal State Fullerton Titans,CSUF,Cal State Fullerton Titans,Titans,https://a.espncdn.com/i/teamlogos/ncaa/500/2239.png
2005,s:40~l:41~t:2005,Air Force,Air Force Falcons,AF,Air Force Falcons,Falcons,https://a.espncdn.com/i/teamlogos/ncaa/500/2005.png
2046,s:40~l:41~t:2046,Austin Peay,Austin Peay Governors,APSU,Austin Peay Governors,Governors,https://a.espncdn.com/i/teamlogos/ncaa/500/2046.png
38,s:40~l:41~t:38,Colorado,Colorado Buffaloes,COLO,Colorado Buffaloes,Buffaloes,https://a.espncdn.com/i/teamlogos/ncaa/500/38.png
179,s:40~l:41~t:179,St. Bonaventure,St. Bonaventure Bonnies,SBU,St. Bonaventure Bonnies,Bonnies,https://a.espncdn.com/i/teamlogos/ncaa/500/179.png
2129,s:40~l:41~t:2129,Cheyney (PA),Cheyney (PA) Wolves,CHEY,Cheyney (PA) Wolves,Wolves,https://a.espncdn.com/combiner/i?img=/i/teamlogos/default-team-logo-500.png&h=244&w=244
259,s:40~l:41~t:259,Virginia Tech,Virginia Tech Hokies,VT,Virginia Tech Hokies,Hokies,https://a.espncdn.com/i/teamlogos/ncaa/500/259.png
2507,s:40~l:41~t:2507,Providence,Providence Friars,PROV,Providence Friars,Friars,https://a.espncdn.com/i/teamlogos/ncaa/500/2507.png
2272,s:40~l:41~t:2272,High Point,High Point Panthers,HPU,High Point Panthers,Panthers,https://a.espncdn.com/i/teamlogos/ncaa/500/2272.png
2047,s:40~l:41~t:2047,Averett,Averett Cougars,AVER,Averett Cougars,Cougars,https://a.espncdn.com/i/teamlogos/ncaa/500/2047.png
2619,s:40~l:41~t:2619,Stony Brook,Stony Brook Seawolves,STBK,Stony Brook Seawolves,Seawolves,https://a.espncdn.com/i/teamlogos/ncaa/500/2619.png
311,s:40~l:41~t:311,Maine,Maine Black Bears,ME,Maine Black Bears,Black Bears,https://a.espncdn.com/i/teamlogos/ncaa/500/311.png
113,s:40~l:41~t:113,Massachusetts,Massachusetts Minutemen,MASS,Massachusetts Minutemen,Minutemen,https://a.espncdn.com/i/teamlogos/ncaa/500/113.png
399,s:40~l:41~t:399,UAlbany,UAlbany Great Danes,UALB,UAlbany Great Danes,Great Danes,https://a.espncdn.com/i/teamlogos/ncaa/500/399.png
2226,s:40~l:41~t:2226,Florida Atlantic,Florida Atlantic Owls,FAU,Florida Atlantic Owls,Owls,https://a.espncdn.com/i/teamlogos/ncaa/500/2226.png
222,s:40~l:41~t:222,Villanova,Villanova Wildcats,VILL,Villanova Wildcats,Wildcats,https://a.espncdn.com/i/teamlogos/ncaa/500/222.png
254,s:40~l:41~t:254,Utah,Utah Utes,UTAH,Utah Utes,Utes,https://a.espncdn.com/i/teamlogos/ncaa/500/254.png
2692,s:40~l:41~t:2692,Weber State,Weber State Wildcats,WEB,Weber State Wildcats,Wildcats,https://a.espncdn.com/i/teamlogos/ncaa/500/2692.png
2693,s:40~l:41~t:2693,Webster,Webster Gorloks,WEBST,Webster Gorloks,Gorloks,https://a.espncdn.com/combiner/i?img=/i/teamlogos/default-team-logo-500.png&h=244&w=244
2301,s:40~l:41~t:2301,John Brown,John Brown Golden Eagles,JBROWN,John Brown Golden Eagles,Golden Eagles,https://a.espncdn.com/i/teamlogos/ncaa/500/2301.png
2900,s:40~l:41~t:2900,St. Thomas-Minnesota,St. Thomas-Minnesota Tommies,STMN,St. Thomas-Minnesota Tommies,Tommies,https://a.espncdn.com/i/teamlogos/ncaa/500/2900.png
349,s:40~l:41~t:349,Army,Army Black Knights,ARMY,Army Black Knights,Black Knights,https://a.espncdn.com/i/teamlogos/ncaa/500/349.png
71,s:40~l:41~t:71,Bradley,Bradley Braves,BRAD,Bradley Braves,Braves,https://a.espncdn.com/i/teamlogos/ncaa/500/71.png
2117,s:40~l:41~t:2117,Central Michigan,Central Michigan Chippewas,CMU,Central Michigan Chippewas,Chippewas,https://a.espncdn.com/i/teamlogos/ncaa/500/2117.png
2823,s:40~l:41~t:2823,Northwestern Oklahoma State,Northwestern Oklahoma State Rangers,NWO,Northwestern Oklahoma State Rangers,Rangers,https://a.espncdn.com/i/teamlogos/ncaa/500/2823.png
91,s:40~l:41~t:91,Bellarmine,Bellarmine Knights,BELL,Bellarmine Knights,Knights,https://a.espncdn.com/i/teamlogos/ncaa/500/91.png
2057,s:40~l:41~t:2057,Belmont,Belmont Bruins,BEL,Belmont Bruins,Bruins,https://a.espncdn.com/i/teamlogos/ncaa/500/2057.png
2634,s:40~l:41~t:2634,Tennessee State,Tennessee State Tigers,TNST,Tennessee State Tigers,Tigers,https://a.espncdn.com/i/teamlogos/ncaa/500/2634.png
292,s:40~l:41~t:292,UT Rio Grande Valley,UT Rio Grande Valley Vaqueros,RGV,UT Rio Grande Valley Vaqueros,Vaqueros,https://a.espncdn.com/i/teamlogos/ncaa/500/292.png
28,s:40~l:41~t:28,UC San Diego,UC San Diego Tritons,UCSD,UC San Diego Tritons,Tritons,https://a.espncdn.com/i/teamlogos/ncaa/500/28.png
2277,s:40~l:41~t:2277,Houston Christian,Houston Christian Huskies,HCU,Houston Christian Huskies,Huskies,https://a.espncdn.com/i/teamlogos/ncaa/500/2277.png
2547,s:40~l:41~t:2547,Seattle U,Seattle U Redhawks,SEA,Seattle U Redhawks,Redhawks,https://a.espncdn.com/i/teamlogos/ncaa/500/2547.png
44,s:40~l:41~t:44,American University,American University Eagles,AMER,American University Eagles,Eagles,https://a.espncdn.com/i/teamlogos/ncaa/500/44.png
288,s:40~l:41~t:288,Lipscomb,Lipscomb Bisons,LIP,Lipscomb Bisons,Bisons,https://a.espncdn.com/i/teamlogos/ncaa/500/288.png
2936,s:40~l:41~t:2936,Dominican (IL),Dominican (IL) Dominican,DOM,Dominican (IL) Dominican,Dominican,https://a.espncdn.com/combiner/i?img=/i/teamlogos/default-team-logo-500.png&h=244&w=244
159,s:40~l:41~t:159,Dartmouth,Dartmouth Big Green,DART,Dartmouth Big Green,Big Green,https://a.espncdn.com/i/teamlogos/ncaa/500/159.png
2368,s:40~l:41~t:2368,Marist,Marist Red Foxes,MRST,Marist Red Foxes,Red Foxes,https://a.espncdn.com/i/teamlogos/ncaa/500/2368.png
127162,s:40~l:41~t:127162,Ozark Christian,Ozark Christian Ambassadors,OCC,Ozark Christian Ambassadors,Ambassadors,https://a.espncdn.com/combiner/i?img=/i/teamlogos/default-team-logo-500.png&h=244&w=244
2358,s:40~l:41~t:2358,Lyon,Lyon Scots,LYON ,Lyon Scots,Scots,https://a.espncdn.com/combiner/i?img=/i/teamlogos/default-team-logo-500.png&h=244&w=244
2474,s:40~l:41~t:2474,Oakland City,Oakland City Mighty Oaks,OCU,Oakland City Mighty Oaks,Mighty Oaks,https://a.espncdn.com/combiner/i?img=/i/teamlogos/default-team-logo-500.png&h=244&w=244
30,s:40~l:41~t:30,USC,USC Trojans,USC,USC Trojans,Trojans,https://a.espncdn.com/i/teamlogos/ncaa/500/30.png
36,s:40~l:41~t:36,Colorado State,Colorado State Rams,CSU,Colorado State Rams,Rams,https://a.espncdn.com/i/teamlogos/ncaa/500/36.png
3077,s:40~l:41~t:3077,Kentucky Christian,Kentucky Christian Knights,KCU,Kentucky Christian Knights,Knights,https://a.espncdn.com/combiner/i?img=/i/teamlogos/default-team-logo-500.png&h=244&w=244
239,s:40~l:41~t:239,Baylor,Baylor Bears,BAY,Baylor Bears,Bears,https://a.espncdn.com/i/teamlogos/ncaa/500/239.png
2404,s:40~l:41~t:2404,Molloy,Molloy Lions,MLLY,Molloy Lions,Lions,https://a.espncdn.com/combiner/i?img=/i/teamlogos/default-team-logo-500.png&h=244&w=244
2891,s:40~l:41~t:2891,Ripon,Ripon Red Hawks,RIPON,Ripon Red Hawks,Red Hawks,https://a.espncdn.com/i/teamlogos/ncaa/500/2891.png
55,s:40~l:41~t:55,Jacksonville State,Jacksonville State Gamecocks,JXST,Jacksonville State Gamecocks,Gamecocks,https://a.espncdn.com/i/teamlogos/ncaa/500/55.png
2890,s:40~l:41~t:2890,Reinhardt,Reinhardt Eagles,RHDT,Reinhardt Eagles,Eagles,https://a.espncdn.com/combiner/i?img=/i/teamlogos/default-team-logo-500.png&h=244&w=244
3120,s:40~l:41~t:3120,Ecclesia,Ecclesia Royals,ECCL,Ecclesia Royals,Royals,https://a.espncdn.com/combiner/i?img=/i/teamlogos/default-team-logo-500.png&h=244&w=244
3242,s:40~l:41~t:3242,Columbia International,Columbia International Rams,CIU,Columbia International Rams,Rams,https://a.espncdn.com/combiner/i?img=/i/teamlogos/default-team-logo-500.png&h=244&w=244
130195,s:40~l:41~t:130195,Penn State-Shenango,Penn State-Shenango Nittany Lions,PEN,Penn State-Shenango Nittany Lions,Nittany Lions,https://a.espncdn.com/combiner/i?img=/i/teamlogos/default-team-logo-500.png&h=244&w=244
2822,s:40~l:41~t:2822,North Greenville,North Greenville Crusaders,NGU,North Greenville Crusaders,Crusaders,https://a.espncdn.com/i/teamlogos/ncaa/500/2822.png
2242,s:40~l:41~t:2242,Geneva,Geneva Golden Tornadoes,GEN,Geneva Golden Tornadoes,Golden Tornadoes,https://a.espncdn.com/i/teamlogos/ncaa/500/2242.png
98,s:40~l:41~t:98,Western Kentucky,Western Kentucky Hilltoppers,WKU,Western Kentucky Hilltoppers,Hilltoppers,https://a.espncdn.com/i/teamlogos/ncaa/500/98.png
350,s:40~l:41~t:350,UNC Wilmington,UNC Wilmington Seahawks,UNCW,UNC Wilmington Seahawks,Seahawks,https://a.espncdn.com/i/teamlogos/ncaa/500/350.png
2199,s:40~l:41~t:2199,Eastern Michigan,Eastern Michigan Eagles,EMU,Eastern Michigan Eagles,Eagles,https://a.espncdn.com/i/teamlogos/ncaa/500/2199.png
2892,s:40~l:41~t:2892,Rust,Rust Bearcats,RUST ,Rust Bearcats,Bearcats,https://a.espncdn.com/combiner/i?img=/i/teamlogos/default-team-logo-500.png&h=244&w=244
2564,s:40~l:41~t:2564,Simpson College (IA),Simpson College (IA) Storm,SIMPS,Simpson College (IA) Storm,Storm,https://a.espncdn.com/i/teamlogos/ncaa/500/2564.png
3166,s:40~l:41~t:3166,Arlington Baptist,Arlington Baptist Patriots,ABU,Arlington Baptist Patriots,Patriots,https://a.espncdn.com/combiner/i?img=/i/teamlogos/default-team-logo-500.png&h=244&w=244
2320,s:40~l:41~t:2320,Lamar,Lamar Cardinals,LAM,Lamar Cardinals,Cardinals,https://a.espncdn.com/i/teamlogos/ncaa/500/2320.png
2443,s:40~l:41~t:2443,New Orleans,New Orleans Privateers,UNO,New Orleans Privateers,Privateers,https://a.espncdn.com/i/teamlogos/ncaa/500/2443.png
124946,s:40~l:41~t:124946,Lincoln University (CA),Lincoln University (CA) Oaklanders,LINCOLNCA,Lincoln University (CA) Oaklanders,Oaklanders,https://a.espncdn.com/combiner/i?img=/i/teamlogos/default-team-logo-500.png&h=244&w=244
130,s:40~l:41~t:130,Michigan,Michigan Wolverines,MICH,Michigan Wolverines,Wolverines,https://a.espncdn.com/i/teamlogos/ncaa/500/130.png
130262,s:40~l:41~t:130262,IU Columbus,IU Columbus Crimson Pride,IUC,IU Columbus Crimson Pride,Crimson Pride,https://a.espncdn.com/combiner/i?img=/i/teamlogos/default-team-logo-500.png&h=244&w=244
2903,s:40~l:41~t:2903,Southwestern Adventist,Southwestern Adventist Knights,SOUTH,Southwestern Adventist Knights,Knights,https://a.espncdn.com/combiner/i?img=/i/teamlogos/default-team-logo-500.png&h=244&w=244
3238,s:40~l:41~t:3238,Southwestern Christian,Southwestern Christian Eagles,SWCU,Southwestern Christian Eagles,Eagles,https://a.espncdn.com/combiner/i?img=/i/teamlogos/default-team-logo-500.png&h=244&w=244
3189,s:40~l:41~t:3189,Coastal Georgia,Coastal Georgia Mariner,COGA,Coastal Georgia Mariner,Mariner,https://a.espncdn.com/combiner/i?img=/i/teamlogos/default-team-logo-500.png&h=244&w=244
126848,s:40~l:41~t:126848,SUNY Delhi,SUNY Delhi Broncos,SNYD,SUNY Delhi Broncos,Broncos,https://a.espncdn.com/combiner/i?img=/i/teamlogos/default-team-logo-500.png&h=244&w=244
3196,s:40~l:41~t:3196,Saint Josephs Long Island,Saint Josephs Long Island Golden Eagles,SJLI,Saint Josephs Long Island Golden Eagles,Golden Eagles,https://a.espncdn.com/combiner/i?img=/i/teamlogos/default-team-logo-500.png&h=244&w=244
3173,s:40~l:41~t:3173,Pensacola Christian College,Pensacola Christian College PENSACOLA CHRISTIAN,PCC,Pensacola Christian College PENSACOLA CHRISTIAN,PENSACOLA CHRISTIAN,https://a.espncdn.com/combiner/i?img=/i/teamlogos/default-team-logo-500.png&h=244&w=244
2107,s:40~l:41~t:2107,Catawba,Catawba Chiefs,CAT,Catawba Chiefs,Chiefs,https://a.espncdn.com/i/teamlogos/ncaa/500/2107.png
128438,s:40~l:41~t:128438,Cleary University,Cleary University Cougars,CLRY,Cleary University Cougars,Cougars,https://a.espncdn.com/combiner/i?img=/i/teamlogos/default-team-logo-500.png&h=244&w=244
111914,s:40~l:41~t:111914,Wilson College,Wilson College WILSON,WLSN,Wilson College WILSON,WILSON,https://a.espncdn.com/combiner/i?img=/i/teamlogos/default-team-logo-500.png&h=244&w=244
561,s:40~l:41~t:561,Mayville St,Mayville St Comets,MYSU,Mayville St Comets,Comets,https://a.espncdn.com/combiner/i?img=/i/teamlogos/default-team-logo-500.png&h=244&w=244
3083,s:40~l:41~t:3083,Oakwood,Oakwood Ambassadors,OAKWO,Oakwood Ambassadors,Ambassadors,https://a.espncdn.com/combiner/i?img=/i/teamlogos/default-team-logo-500.png&h=244&w=244
2595,s:40~l:41~t:2595,St. Francis (IL),St. Francis (IL) Fighting Saints,SFIL,St. Francis (IL) Fighting Saints,Fighting Saints,https://a.espncdn.com/combiner/i?img=/i/teamlogos/default-team-logo-500.png&h=244&w=244
2424,s:40~l:41~t:2424,New Mexico Highlands,New Mexico Highlands Cowboys,NMHU,New Mexico Highlands Cowboys,Cowboys,https://a.espncdn.com/i/teamlogos/ncaa/500/2424.png
2073,s:40~l:41~t:2073,Bluefield State,Bluefield State Big Blues,BLUEF,Bluefield State Big Blues,Big Blues,https://a.espncdn.com/combiner/i?img=/i/teamlogos/default-team-logo-500.png&h=244&w=244
2932,s:40~l:41~t:2932,Point University,Point University Skyhawks,PONT,Point University Skyhawks,Skyhawks,https://a.espncdn.com/combiner/i?img=/i/teamlogos/default-team-logo-500.png&h=244&w=244
3243,s:40~l:41~t:3243,Bob Jones,Bob Jones Bruins,BOBJ,Bob Jones Bruins,Bruins,https://a.espncdn.com/i/teamlogos/ncaa/500/3243.png
2211,s:40~l:41~t:2211,Emmanuel (MA),Emmanuel (MA) Lions,ECMA,Emmanuel (MA) Lions,Lions,https://a.espncdn.com/combiner/i?img=/i/teamlogos/default-team-logo-500.png&h=244&w=244
2262,s:40~l:41~t:2262,Hanover,Hanover Panthers,HANOVER,Hanover Panthers,Panthers,https://a.espncdn.com/i/teamlogos/ncaa/500/2262.png
185,s:40~l:41~t:185,Vassar,Vassar Brewers,VASSA,Vassar Brewers,Brewers,https://a.espncdn.com/combiner/i?img=/i/teamlogos/default-team-logo-500.png&h=244&w=244
375,s:40~l:41~t:375,St. Scholastica,St. Scholastica Saints,SCHOLA,St. Scholastica Saints,Saints,https://a.espncdn.com/i/teamlogos/ncaa/500/375.png
224,s:40~l:41~t:224,Westminster (UT),Westminster (UT) Griffins,WUUT,Westminster (UT) Griffins,Griffins,https://a.espncdn.com/combiner/i?img=/i/teamlogos/default-team-logo-500.png&h=244&w=244
2081,s:40~l:41~t:2081,Bryan (TN),Bryan (TN) Lions,BRTN,Bryan (TN) Lions,Lions,https://a.espncdn.com/combiner/i?img=/i/teamlogos/default-team-logo-500.png&h=244&w=244
2232,s:40~l:41~t:2232,Fort Valley State,Fort Valley State Wildcats,FVSU,Fort Valley State Wildcats,Wildcats,https://a.espncdn.com/i/teamlogos/ncaa/500/2232.png
50024,s:40~l:41~t:50024,Washington Adventist,Washington Adventist Shock,WAAD,Washington Adventist Shock,Shock,https://a.espncdn.com/combiner/i?img=/i/teamlogos/default-team-logo-500.png&h=244&w=244
212,s:40~l:41~t:212,John Jay College,John Jay College Bloodhounds,JJC,John Jay College Bloodhounds,Bloodhounds,https://a.espncdn.com/combiner/i?img=/i/teamlogos/default-team-logo-500.png&h=244&w=244
2061,s:40~l:41~t:2061,Berea,Berea Mountaineers,BERE,Berea Mountaineers,Mountaineers,https://a.espncdn.com/combiner/i?img=/i/teamlogos/default-team-logo-500.png&h=244&w=244
126821,s:40~l:41~t:126821,Pittsburgh - Greensburg,Pittsburgh - Greensburg Bobcats,PITTGREEN,Pittsburgh - Greensburg Bobcats,Bobcats,https://a.espncdn.com/combiner/i?img=/i/teamlogos/default-team-logo-500.png&h=244&w=244
2207,s:40~l:41~t:2207,Elizabeth City State,Elizabeth City State Vikings,ECSU,Elizabeth City State Vikings,Vikings,https://a.espncdn.com/i/teamlogos/ncaa/500/2207.png
5345,s:40~l:41~t:5345,Benedictine University (IL),Benedictine University (IL) Eagles,BENILL,Benedictine University (IL) Eagles,Eagles,https://a.espncdn.com/combiner/i?img=/i/teamlogos/default-team-logo-500.png&h=244&w=244
2679,s:40~l:41~t:2679,Voorhees,Voorhees Tigers,VRHS,Voorhees Tigers,Tigers,https://a.espncdn.com/combiner/i?img=/i/teamlogos/default-team-logo-500.png&h=244&w=244
2304,s:40~l:41~t:2304,Johnson C Smith,Johnson C Smith Golden Bulls,JCSU,Johnson C Smith Golden Bulls,Golden Bulls,https://a.espncdn.com/i/teamlogos/ncaa/500/2304.png
2689,s:40~l:41~t:2689,Washington College (MD),Washington College (MD) Shoremen,WCMD,Washington College (MD) Shoremen,Shoremen,https://a.espncdn.com/combiner/i?img=/i/teamlogos/default-team-logo-500.png&h=244&w=244
128550,s:40~l:41~t:128550,New College (FL),New College (FL) Mighty Banyans,NCF,New College (FL) Mighty Banyans,Mighty Banyans,https://a.espncdn.com/combiner/i?img=/i/teamlogos/default-team-logo-500.png&h=244&w=244
109700,s:40~l:41~t:109700,Boyce,Boyce Bulldogs,BOY,Boyce Bulldogs,Bulldogs,https://a.espncdn.com/combiner/i?img=/i/teamlogos/default-team-logo-500.png&h=244&w=244
190,s:40~l:41~t:190,Defiance,Defiance Yellow Jackets,DFC,Defiance Yellow Jackets,Yellow Jackets,https://a.espncdn.com/i/teamlogos/ncaa/500/190.png
2196,s:40~l:41~t:2196,Eastern University (PA),Eastern University (PA) Eagles,EASTERNPA,Eastern University (PA) Eagles,Eagles,https://a.espncdn.com/i/teamlogos/ncaa/500/2196.png
2131,s:40~l:41~t:2131,Christian Brothers,Christian Brothers Buccaneers,CTBR,Christian Brothers Buccaneers,Buccaneers,https://a.espncdn.com/combiner/i?img=/i/teamlogos/default-team-logo-500.png&h=244&w=244
511,s:40~l:41~t:511,Cumberland (KY),Cumberland (KY) Patriots,CUMB,Cumberland (KY) Patriots,Patriots,https://a.espncdn.com/combiner/i?img=/i/teamlogos/default-team-logo-500.png&h=244&w=244
263,s:40~l:41~t:263,Loras,Loras Duhawks,LOR,Loras Duhawks,Duhawks,https://a.espncdn.com/i/teamlogos/ncaa/500/263.png
2879,s:40~l:41~t:2879,Manhattanville,Manhattanville Valiants,MANHA,Manhattanville Valiants,Valiants,https://a.espncdn.com/combiner/i?img=/i/teamlogos/default-team-logo-500.png&h=244&w=244
2519,s:40~l:41~t:2519,Rhodes,Rhodes Lynx,RHO,Rhodes Lynx,Lynx,https://a.espncdn.com/i/teamlogos/ncaa/500/2519.png
596,s:40~l:41~t:596,Peru State,Peru State Bobcats,PSC,Peru State Bobcats,Bobcats,https://a.espncdn.com/combiner/i?img=/i/teamlogos/default-team-logo-500.png&h=244&w=244
2025,s:40~l:41~t:2025,Angelo State,Angelo State Rams,ANG,Angelo State Rams,Rams,https://a.espncdn.com/i/teamlogos/ncaa/500/2025.png
2141,s:40~l:41~t:2141,Coe,Coe Kohawks,COE,Coe Kohawks,Kohawks,https://a.espncdn.com/i/teamlogos/ncaa/500/2141.png
2202,s:40~l:41~t:2202,Eastern Oregon,Eastern Oregon Mountaineers,EOU,Eastern Oregon Mountaineers,Mountaineers,https://a.espncdn.com/combiner/i?img=/i/teamlogos/default-team-logo-500.png&h=244&w=244
131638,s:40~l:41~t:131638,Paul Smith's,Paul Smith's Bobcats,PSC,Paul Smith's Bobcats,Bobcats,https://a.espncdn.com/combiner/i?img=/i/teamlogos/default-team-logo-500.png&h=244&w=244
126890,s:40~l:41~t:126890,Maine-Augusta,Maine-Augusta Moose,MAI,Maine-Augusta Moose,Moose,https://a.espncdn.com/combiner/i?img=/i/teamlogos/default-team-logo-500.png&h=244&w=244
66786,s:40~l:41~t:66786,St. Elizabeth,St. Elizabeth Eagles,STE,St. Elizabeth Eagles,Eagles,https://a.espncdn.com/combiner/i?img=/i/teamlogos/default-team-logo-500.png&h=244&w=244
2064,s:40~l:41~t:2064,Bethel (TN),Bethel (TN) Wildcats,BETHTN,Bethel (TN) Wildcats,Wildcats,https://a.espncdn.com/i/teamlogos/ncaa/500/2064.png
535,s:40~l:41~t:535,Haskell,Haskell Jayhawks,HSKL,Haskell Jayhawks,Jayhawks,https://a.espncdn.com/combiner/i?img=/i/teamlogos/default-team-logo-500.png&h=244&w=244
111226,s:40~l:41~t:111226,Embry-Riddle (AZ),Embry-Riddle (AZ) Eagles,ERAZ,Embry-Riddle (AZ) Eagles,Eagles,https://a.espncdn.com/combiner/i?img=/i/teamlogos/default-team-logo-500.png&h=244&w=244
2730,s:40~l:41~t:2730,William Carey,William Carey Crusaders,WILC,William Carey Crusaders,Crusaders,https://a.espncdn.com/combiner/i?img=/i/teamlogos/default-team-logo-500.png&h=244&w=244
111902,s:40~l:41~t:111902,Misericordia,Misericordia Cougars,MISE,Misericordia Cougars,Cougars,https://a.espncdn.com/combiner/i?img=/i/teamlogos/default-team-logo-500.png&h=244&w=244
3121,s:40~l:41~t:3121,Ohio Christian,Ohio Christian Trailblazers,OHCU,Ohio Christian Trailblazers,Trailblazers,https://a.espncdn.com/combiner/i?img=/i/teamlogos/default-team-logo-500.png&h=244&w=244
170,s:40~l:41~t:170,City College NY,City College NY Beavers,CCNY,City College NY Beavers,Beavers,https://a.espncdn.com/combiner/i?img=/i/teamlogos/default-team-logo-500.png&h=244&w=244
2937,s:40~l:41~t:2937,Dallas Christian,Dallas Christian Crusaders,DALLA,Dallas Christian Crusaders,Crusaders,https://a.espncdn.com/combiner/i?img=/i/teamlogos/default-team-logo-500.png&h=244&w=244
507,s:40~l:41~t:507,Concordia-Nebraska,Concordia-Nebraska Clippers,CUNE,Concordia-Nebraska Clippers,Clippers,https://a.espncdn.com/combiner/i?img=/i/teamlogos/default-team-logo-500.png&h=244&w=244
2939,s:40~l:41~t:2939,Jamestown,Jamestown Jimmies,UJ,Jamestown Jimmies,Jimmies,https://a.espncdn.com/combiner/i?img=/i/teamlogos/default-team-logo-500.png&h=244&w=244
2838,s:40~l:41~t:2838,Tiffin,Tiffin Dragons,TIF,Tiffin Dragons,Dragons,https://a.espncdn.com/i/teamlogos/ncaa/500/2838.png
3170,s:40~l:41~t:3170,St. Thomas (TX),St. Thomas (TX) Celts,STTOMTX,St. Thomas (TX) Celts,Celts,https://a.espncdn.com/combiner/i?img=/i/teamlogos/default-team-logo-500.png&h=244&w=244
2866,s:40~l:41~t:2866,Evergreen State,Evergreen State Geoducks,ESC,Evergreen State Geoducks,Geoducks,https://a.espncdn.com/combiner/i?img=/i/teamlogos/default-team-logo-500.png&h=244&w=244
130201,s:40~l:41~t:130201,Nobel,Nobel Knights,NOB,Nobel Knights,Knights,https://a.espncdn.com/combiner/i?img=/i/teamlogos/default-team-logo-500.png&h=244&w=244
2871,s:40~l:41~t:2871,Kean,Kean Cougars,KEAN,Kean Cougars,Cougars,https://a.espncdn.com/i/teamlogos/ncaa/500/2871.png
2980,s:40~l:41~t:2980,Ohio Wesleyan,Ohio Wesleyan Battling Bishops,OWU,Ohio Wesleyan Battling Bishops,Battling Bishops,https://a.espncdn.com/i/teamlogos/ncaa/500/2980.png
2524,s:40~l:41~t:2524,Rockford,Rockford Regents,ROCKF,Rockford Regents,Regents,https://a.espncdn.com/i/teamlogos/ncaa/500/2524.png
2215,s:40~l:41~t:2215,Erskine,Erskine Flying Fleet,ERSK,Erskine Flying Fleet,Flying Fleet,https://a.espncdn.com/combiner/i?img=/i/teamlogos/default-team-logo-500.png&h=244&w=244
63,s:40~l:41~t:63,Buena Vista,Buena Vista Beavers,BVU,Buena Vista Beavers,Beavers,https://a.espncdn.com/i/teamlogos/ncaa/500/63.png
2225,s:40~l:41~t:2225,Fisk,Fisk Bulldogs,FISK,Fisk Bulldogs,Bulldogs,https://a.espncdn.com/i/teamlogos/ncaa/500/2225.png
